mes,uf,total_pago,total_recebido,total_energia_entregue,total_energia_recebida,total_capacidade,geracao_total_MWmed
2019-01-01,MG,34388,10559,845,2202,16192.215,5768
2019-01-01,SP,11995,21793,1755,762,21856.787,7723
2019-01-01,RJ,4398,351,28,282,13387.808,3994
2019-01-01,GO,13831,4061,326,888,7573.769,3134
2019-01-01,AL,21005,0,0,1352,4481.891,741
2019-01-01,PE,8850,0,0,570,4363.522,799
2019-01-01,SE,18103,0,0,1170,3255,847
2019-01-01,BA,8630,137,10,556,7855.644,2593
2019-01-01,PI,529,0,0,35,2229,741
2019-01-01,PR,6001,74874,3187,374,24024.26,12582
2019-01-01,SC,6778,3747,297,426,4384.994,2243
2019-01-01,RS,6514,11704,943,419,13969.32,4602
2019-01-01,PA,5251,26110,2105,356,22246.17,10318
2019-01-01,RN,0,0,0,0,4986.484,1649
2019-01-01,ES,2192,172,15,141,1576.389,380
2019-01-01,MS,280,426,33,18,2999.384,596
2019-01-01,PB,22,0,0,1,844.654,125
2019-01-01,CE,0,0,0,0,4325.244,799
2019-01-01,MT,1645,2362,192,106,3647.811,1439
2019-01-01,MA,118,3497,281,7,3826.107,910
2019-01-01,DF,221,0,0,14,30,7
2019-01-01,TO,4881,694,55,304,1909.679,862
2019-01-01,RO,14863,9528,768,937,8089.215,5145
2019-01-01,AM,1464,0,0,94,1722.002,849
2019-01-01,AP,865,2798,226,57,965.95,608
2019-02-01,MG,35233,5242,417,2461,16192.215,5764
2019-02-01,SP,11043,17480,1408,775,21877.087,7430
2019-02-01,RJ,3850,309,24,272,13387.808,5111
2019-02-01,GO,12676,3218,258,899,7573.769,2923
2019-02-01,AL,18574,0,0,1314,4481.891,682
2019-02-01,PE,7842,0,0,554,4363.522,1152
2019-02-01,SE,16213,0,0,1149,3255,771
2019-02-01,BA,7704,47,3,547,7995.644,1766
2019-02-01,PI,345,1,0,24,2229,457
2019-02-01,PR,7606,43814,1932,542,24031.56,10671
2019-02-01,SC,9968,2655,211,703,4384.994,1854
2019-02-01,RS,12609,7201,579,886,18369.32,3613
2019-02-01,PA,521,58546,4719,35,22246.17,12414
2019-02-01,RN,0,0,0,0,4986.484,1065
2019-02-01,ES,1517,49,3,106,1576.389,449
2019-02-01,MS,499,234,18,36,2999.384,806
2019-02-01,PB,18,0,0,1,844.654,211
2019-02-01,CE,0,0,0,0,4406.244,1390
2019-02-01,MT,930,3173,258,65,3678.025,1521
2019-02-01,MA,28,5065,408,2,3826.107,689
2019-02-01,DF,100,3,0,7,30,13
2019-02-01,TO,3376,333,27,237,1914.679,810
2019-02-01,RO,8958,10669,859,642,8089.215,5146
2019-02-01,AM,1174,0,0,83,1722.002,794
2019-02-01,AP,425,3159,256,31,965.95,627
2019-03-01,MG,58614,3221,255,3764,16201.215,4369
2019-03-01,SP,14940,16863,1358,960,21946.207,7090
2019-03-01,RJ,2351,609,49,152,13387.808,4306
2019-03-01,GO,21673,3562,287,1391,7578.769,2620
2019-03-01,AL,19641,0,0,1265,4481.891,677
2019-03-01,PE,8447,0,0,544,4392.522,1219
2019-03-01,SE,17162,0,0,1106,3255,754
2019-03-01,BA,7981,97,9,514,8137.624,2039
2019-03-01,PI,338,81,6,22,2229,527
2019-03-01,PR,7637,72863,2682,490,24031.56,11590
2019-03-01,SC,7117,4876,387,457,4394.744,2142
2019-03-01,RS,11672,7091,567,745,19509.32,3460
2019-03-01,PA,31,64551,5200,2,22246.17,12357
2019-03-01,RN,0,0,0,0,5009.584,804
2019-03-01,ES,1282,147,10,82,1576.389,375
2019-03-01,MS,664,89,7,42,3009.384,625
2019-03-01,PB,18,0,0,1,844.654,166
2019-03-01,CE,0,0,0,0,4406.244,1097
2019-03-01,MT,1415,3483,280,89,3678.745,1565
2019-03-01,MA,0,6916,558,0,3821.207,846
2019-03-01,DF,20,37,3,1,30,19
2019-03-01,TO,1076,1325,106,69,1914.679,998
2019-03-01,RO,13296,8305,669,858,8089.215,4457
2019-03-01,AM,731,0,0,47,1722.002,799
2019-03-01,AP,669,2654,213,43,965.95,546
2019-04-01,MG,52804,2471,194,3461,16200.359,4429
2019-04-01,SP,19270,9461,762,1251,21949.375,7473
2019-04-01,RJ,2820,407,32,189,13394.954,3495
2019-04-01,GO,19022,3249,258,1248,7578.769,2745
2019-04-01,AL,17582,0,0,1153,4481.891,732
2019-04-01,PE,7396,0,0,484,4397.522,925
2019-04-01,SE,15111,0,0,993,3255,828
2019-04-01,BA,9703,94,6,639,8137.624,2070
2019-04-01,PI,7,804,65,0,2229,649
2019-04-01,PR,6905,66517,2633,448,24031.56,11513
2019-04-01,SC,8732,2194,173,568,4395.092,1562
2019-04-01,RS,14047,4606,372,914,19509.32,2963
2019-04-01,PA,0,60491,4875,0,22246.17,11729
2019-04-01,RN,0,0,0,0,5009.584,961
2019-04-01,ES,1103,54,5,73,1576.389,535
2019-04-01,MS,383,139,11,26,3009.384,771
2019-04-01,PB,15,0,0,1,844.654,226
2019-04-01,CE,0,0,0,0,4406.244,1187
2019-04-01,MT,1682,3346,270,112,3692.045,1551
2019-04-01,DF,2,78,6,0,30,22
2019-04-01,TO,471,2188,177,32,1914.679,1005
2019-04-01,MA,0,6493,523,0,3813.207,808
2019-04-01,RO,4366,15228,1226,280,8091.055,5372
2019-04-01,AM,199,17,1,13,1722.002,798
2019-04-01,AP,162,3929,316,11,965.95,640
2019-05-01,MG,41942,1912,152,3029,16195.313,3925
2019-05-01,SP,16286,5078,410,1168,21963.375,7249
2019-05-01,RJ,1336,847,70,97,13394.954,3010
2019-05-01,GO,16628,1922,152,1199,7578.769,2432
2019-05-01,AL,13667,0,0,985,4481.891,764
2019-05-01,PE,5771,0,0,417,4396.33,811
2019-05-01,SE,11298,0,0,816,3255,876
2019-05-01,BA,7161,127,10,517,8183.024,2512
2019-05-01,PI,48,161,13,4,2229,820
2019-05-01,PR,11521,32902,1441,818,24042.33,9731
2019-05-01,SC,2888,6669,530,201,4395.092,2109
2019-05-01,RS,6811,10441,841,477,19854.32,3678
2019-05-01,PA,0,45115,3636,0,22246.17,11243
2019-05-01,RN,0,0,0,0,5009.584,1463
2019-05-01,ES,1120,68,4,81,1577.529,518
2019-05-01,MS,207,207,17,15,3009.384,809
2019-05-01,PB,9,0,0,1,847.834,213
2019-05-01,CE,0,0,0,0,4406.244,1040
2019-05-01,MT,1188,3231,262,88,3692.045,1498
2019-05-01,DF,30,49,4,2,30,14
2019-05-01,TO,1723,165,13,125,1914.679,615
2019-05-01,MA,890,2953,238,64,3813.207,544
2019-05-01,RO,368,24774,1997,27,8091.055,6237
2019-05-01,AM,84,57,5,6,1722.002,798
2019-05-01,AP,0,4304,348,0,965.95,669
2019-06-01,MG,32344,1078,85,2099,16201.938,3647
2019-06-01,SP,13946,8503,685,905,21966.751,7239
2019-06-01,RJ,1094,1020,81,70,13394.954,3739
2019-06-01,GO,15860,809,65,1042,7578.769,2318
2019-06-01,AL,12623,0,0,820,4481.891,746
2019-06-01,PE,5217,24,2,338,4396.33,952
2019-06-01,SE,10064,0,0,659,3255,863
2019-06-01,BA,6239,93,7,405,8193.024,3038
2019-06-01,PI,104,81,7,7,2229,1178
2019-06-01,PR,1986,63751,3008,136,24039.33,10453
2019-06-01,SC,1294,9720,775,69,4402.992,2167
2019-06-01,RS,4453,12130,976,268,19855.184,3588
2019-06-01,PA,14850,6980,563,890,22246.17,7448
2019-06-01,RN,0,0,0,0,5009.584,2032
2019-06-01,ES,1761,7,0,115,1577.969,402
2019-06-01,MS,55,355,29,3,3009.384,735
2019-06-01,PB,13,0,0,1,847.834,103
2019-06-01,CE,0,0,0,0,4406.244,686
2019-06-01,MT,917,2080,167,62,4095.925,1309
2019-06-01,DF,63,0,0,4,30,5
2019-06-01,TO,3251,7,0,214,1914.679,527
2019-06-01,MA,5640,9,1,366,3813.207,901
2019-06-01,RO,235,21911,1765,16,8091.055,5343
2019-06-01,AM,105,202,16,8,1722.002,840
2019-06-01,AP,41,2008,161,3,965.95,653
2019-07-01,MG,22294,6517,521,1261,16201.938,4410
2019-07-01,SP,10071,9348,748,558,22047.751,7539
2019-07-01,RJ,1438,1115,90,82,13394.954,4352
2019-07-01,GO,9006,2980,240,514,7580.969,2628
2019-07-01,AL,12037,0,0,682,4481.891,748
2019-07-01,PE,4941,55,4,278,4402.53,1195
2019-07-01,SE,9108,0,0,523,3255,868
2019-07-01,BA,5855,60,4,334,8209.024,2905
2019-07-01,PI,62,132,10,4,2229,1168
2019-07-01,PR,2875,96607,3953,145,24039.758,11086
2019-07-01,SC,3233,8335,668,167,4402.992,2052
2019-07-01,RS,1718,20374,1640,86,19855.184,4430
2019-07-01,PA,56102,596,48,3168,22246.17,4078
2019-07-01,RN,0,0,0,0,5009.584,1796
2019-07-01,ES,2465,0,0,141,1577.969,384
2019-07-01,MS,66,300,24,5,3009.384,806
2019-07-01,PB,13,0,0,1,847.834,103
2019-07-01,CE,0,0,0,0,4406.244,1603
2019-07-01,MT,1040,1309,107,61,4095.925,1214
2019-07-01,DF,73,0,0,4,30,3
2019-07-01,TO,4896,21,2,281,1914.679,434
2019-07-01,MA,5776,0,0,329,3813.207,1610
2019-07-01,RO,5761,7704,620,324,8091.055,3365
2019-07-01,AM,0,513,41,0,1722.002,943
2019-07-01,AP,26,2863,231,2,965.95,641
2019-08-01,MG,12550,16336,1311,694,16228.138,5537
2019-08-01,SP,5176,21113,1701,279,22047.751,8685
2019-08-01,RJ,1321,1517,121,75,13394.954,4717
2019-08-01,GO,6362,7165,577,362,7580.969,2905
2019-08-01,AL,10099,0,0,566,4481.891,759
2019-08-01,PE,4149,84,6,231,4402.53,1340
2019-08-01,SE,7211,0,0,416,3255,869
2019-08-01,BA,4054,172,14,230,8225.024,3301
2019-08-01,PI,28,187,15,2,2229,1322
2019-08-01,PR,2606,95136,3697,130,24039.758,10584
2019-08-01,SC,7041,2378,191,375,4412.32,1368
2019-08-01,RS,3860,12678,1016,203,19855.184,3574
2019-08-01,PA,66985,594,48,3797,22246.17,2891
2019-08-01,RN,0,0,0,0,5009.584,2551
2019-08-01,ES,2411,0,0,138,1577.969,403
2019-08-01,MS,53,299,24,3,3029.663,1153
2019-08-01,PB,11,0,0,1,848.932,137
2019-08-01,CE,0,0,0,0,4406.244,1802
2019-08-01,MT,1859,1337,106,107,4095.925,1464
2019-08-01,DF,27,4,0,2,30,5
2019-08-01,TO,4567,28,2,262,1914.679,417
2019-08-01,MA,5403,0,0,308,3813.207,1739
2019-08-01,RO,18842,3057,247,1087,8091.055,1944
2019-08-01,AM,0,522,42,0,1617.002,1014
2019-08-01,AP,108,2115,171,6,965.95,533
2019-09-01,MG,11976,29105,2343,659,16267.263,6965
2019-09-01,SP,2441,34714,2798,133,22017.591,10160
2019-09-01,RJ,1619,1370,109,90,13394.954,4718
2019-09-01,GO,6201,9557,769,341,7580.969,3291
2019-09-01,AL,12141,0,0,666,4481.891,779
2019-09-01,PE,5073,54,4,276,4403.006,1342
2019-09-01,SE,9153,0,0,511,3255,875
2019-09-01,BA,4241,119,9,233,8237.024,3176
2019-09-01,PI,106,138,11,6,2229,1204
2019-09-01,PR,10035,108475,3641,514,24078.758,10658
2019-09-01,SC,8756,862,66,475,4413.328,1103
2019-09-01,RS,5438,6325,508,287,19855.184,3079
2019-09-01,PA,68758,3030,245,3777,22246.17,3643
2019-09-01,RN,0,0,0,0,5071.759,2480
2019-09-01,ES,3071,0,0,170,1577.969,380
2019-09-01,MS,163,160,13,9,3047.663,984
2019-09-01,PB,10,0,0,1,848.932,134
2019-09-01,CE,0,0,0,0,4402.244,2109
2019-09-01,MT,3547,1028,84,196,4100.925,1474
2019-09-01,DF,71,0,0,4,30,3
2019-09-01,TO,5290,53,4,296,1914.679,434
2019-09-01,MA,5596,0,0,307,3875.307,2043
2019-09-01,RO,33603,2070,167,1865,8091.055,1232
2019-09-01,AM,0,1458,117,0,1617.002,1037
2019-09-01,AP,1656,420,34,95,965.95,342
2019-10-01,MG,11663,29585,2382,672,16267.263,7193
2019-10-01,SP,2694,30531,2457,154,22118.591,9938
2019-10-01,RJ,1738,1064,85,102,13394.954,5430
2019-10-01,GO,3195,12112,976,181,7580.969,3745
2019-10-01,AL,11252,0,0,641,4481.891,896
2019-10-01,PE,4512,13,1,256,4403.006,1464
2019-10-01,SE,8254,1,0,476,3255,993
2019-10-01,BA,4256,217,19,249,8267.024,3101
2019-10-01,PI,64,371,30,4,2229,1098
2019-10-01,PR,13847,85632,2731,743,24078.158,9939
2019-10-01,SC,5526,2066,163,305,4413.328,1454
2019-10-01,RS,5638,9633,774,305,19855.184,3459
2019-10-01,PA,61752,2864,231,3587,22246.17,4230
2019-10-01,RN,0,0,0,0,5071.759,2412
2019-10-01,ES,3083,0,0,180,1577.969,386
2019-10-01,MS,447,64,5,27,3047.663,921
2019-10-01,PB,10,0,0,1,848.932,137
2019-10-01,CE,0,0,0,0,4402.244,2211
2019-10-01,MT,3342,1243,100,196,4152.335,1383
2019-10-01,DF,50,0,0,3,30,5
2019-10-01,TO,2623,466,37,153,1914.679,668
2019-10-01,MA,5071,0,0,291,3910.407,2110
2019-10-01,RO,27379,2482,199,1585,8091.055,1714
2019-10-01,AM,0,1634,132,0,1617.002,1095
2019-10-01,AP,3766,172,14,221,965.95,229
2019-11-01,MG,8430,17563,1413,493,16042.689,6415
2019-11-01,SP,8338,13257,1068,504,22129.591,7671
2019-11-01,RJ,1685,678,55,105,13394.954,5157
2019-11-01,GO,5429,5756,462,328,7580.969,3164
2019-11-01,AL,9118,1,0,549,4481.891,1019
2019-11-01,PE,3663,0,0,221,4403.006,1463
2019-11-01,SE,6078,1,0,372,4770.63,1123
2019-11-01,BA,3742,125,10,230,8361.664,2666
2019-11-01,PI,0,352,28,0,2324.68,898
2019-11-01,PR,11218,70922,2496,645,24079.758,9959
2019-11-01,SC,1050,13194,1056,58,4415.128,2701
2019-11-01,RS,978,25107,2026,59,19856.38,5367
2019-11-01,PA,65112,567,45,3910,22246.17,3619
2019-11-01,RN,0,0,0,0,5102.944,2177
2019-11-01,ES,1585,689,56,94,1577.969,535
2019-11-01,PB,11,0,0,1,848.932,126
2019-11-01,CE,0,0,0,0,4402.244,2189
2019-11-01,MT,2588,1584,126,155,4164.335,1573
2019-11-01,MS,435,101,8,27,2841.313,921
2019-11-01,DF,38,24,2,2,30,8
2019-11-01,TO,1958,387,31,118,1914.679,811
2019-11-01,MA,3894,201,16,236,3910.407,2334
2019-11-01,RO,16599,4795,386,1002,8091.055,2538
2019-11-01,AM,0,1545,124,0,1617.002,1174
2019-11-01,AP,5034,125,10,305,965.95,203
2019-12-01,MG,11808,16731,1344,660,15919.689,6286
2019-12-01,SP,6368,20288,1635,378,22129.591,7308
2019-12-01,RJ,2023,780,62,120,13394.954,4348
2019-12-01,GO,6130,7935,640,354,7578.969,3091
2019-12-01,AL,14318,0,0,844,4481.891,815
2019-12-01,PE,5921,0,0,348,4403.006,1355
2019-12-01,SE,11501,0,0,683,4770.63,903
2019-12-01,BA,3983,200,16,235,8401.664,2731
2019-12-01,PI,44,160,12,3,2424.68,880
2019-12-01,PR,21135,71420,2214,1194,24079.758,9463
2019-12-01,SC,8234,2138,167,460,4450.828,1413
2019-12-01,RS,9160,8760,702,512,19857.38,3663
2019-12-01,PA,44253,6033,487,2609,22281.738,5716
2019-12-01,RN,0,0,0,0,5134.129,2003
2019-12-01,ES,668,836,66,36,1577.969,647
2019-12-01,PB,12,0,0,1,848.932,117
2019-12-01,CE,0,0,0,0,4402.244,1980
2019-12-01,MT,1026,3861,310,64,4193.655,2084
2019-12-01,MS,461,197,15,27,2841.313,619
2019-12-01,DF,11,86,7,1,30,17
2019-12-01,TO,2779,1320,107,154,1914.679,770
2019-12-01,MA,3501,537,43,202,3910.407,2216
2019-12-01,RO,3148,16949,1365,216,8115.055,4786
2019-12-01,AM,0,760,61,0,1617.002,1092
2019-12-01,AP,2908,401,32,179,965.95,307
2020-01-01,MG,24428,14728,1145,1298,15919.689,6006
2020-01-01,SP,22723,17992,1407,1208,21915.611,7209
2020-01-01,RJ,1119,2443,193,60,12003.506,5041
2020-01-01,GO,14921,3314,258,793,7578.969,2815
2020-01-01,AL,16619,0,0,893,4481.891,961
2020-01-01,PE,7057,0,0,379,4403.006,1292
2020-01-01,SE,13208,0,0,711,4770.63,1074
2020-01-01,BA,6890,455,35,368,8216.289,1761
2020-01-01,PI,415,15,1,22,2470.36,384
2020-01-01,PR,21870,101785,2857,1152,24079.758,10996
2020-01-01,SC,14967,785,55,798,4460.086,1338
2020-01-01,RS,22006,3724,288,1166,19858.109,2556
2020-01-01,PA,23600,18093,1417,1260,22281.738,8601
2020-01-01,RN,0,0,0,0,4867.547,1286
2020-01-01,ES,1023,1102,85,57,1577.969,627
2020-01-01,PB,16,0,0,1,848.932,84
2020-01-01,CE,0,0,0,0,4402.244,1422
2020-01-01,MT,5118,2967,232,278,4193.919,1561
2020-01-01,MS,387,158,12,21,2491.313,673
2020-01-01,DF,24,87,7,1,30,17
2020-01-01,TO,1669,3910,307,88,1914.679,980
2020-01-01,MA,2383,914,71,125,3910.407,2289
2020-01-01,RO,307,31817,2491,15,8115.055,6532
2020-01-01,AM,764,7,1,41,1617.002,1063
2020-01-01,AP,3132,338,26,169,965.95,350
2020-02-01,MG,31949,12148,945,1976,15917.689,5885
2020-02-01,SP,19007,18528,1450,1168,21939.111,7238
2020-02-01,RJ,435,3402,266,25,12003.506,4072
2020-02-01,GO,15619,5612,437,974,7578.969,2965
2020-02-01,AL,17327,0,0,1079,4481.891,905
2020-02-01,PE,7366,1,0,459,4403.006,1236
2020-02-01,SE,14506,0,0,906,4770.63,1011
2020-02-01,BA,6425,1028,80,403,8216.289,1858
2020-02-01,PI,297,203,16,18,2756.41,505
2020-02-01,PR,32135,61550,1612,1997,24079.758,9374
2020-02-01,SC,16252,754,54,1005,4466.599,1141
2020-02-01,RS,26719,2511,195,1660,19858.109,2241
2020-02-01,PA,710,58770,4601,44,22281.738,13112
2020-02-01,RN,0,0,0,0,4905.347,1239
2020-02-01,ES,822,929,72,50,1577.969,667
2020-02-01,PB,16,0,0,1,861.132,74
2020-02-01,CE,0,0,0,0,4402.244,895
2020-02-01,MT,3156,3118,243,196,4193.919,1811
2020-02-01,MS,485,104,8,30,2491.313,505
2020-02-01,DF,0,63,5,0,30,18
2020-02-01,TO,797,5458,427,51,1914.679,1210
2020-02-01,MA,288,4011,314,18,3910.407,1961
2020-02-01,RO,1461,20720,1622,94,8117.615,6210
2020-02-01,AM,1281,2,0,80,1617.002,914
2020-02-01,AP,2080,222,17,130,965.95,378
2020-03-01,MG,35890,11863,926,2563,15917.689,5880
2020-03-01,SP,21223,14293,1116,1518,21939.111,7000
2020-03-01,RJ,906,1867,147,64,12003.506,3717
2020-03-01,GO,17136,7372,578,1226,7578.969,3005
2020-03-01,AL,15095,0,0,1086,4481.891,868
2020-03-01,PE,6566,6,0,473,4403.006,940
2020-03-01,SE,12324,0,0,887,4770.64,1047
2020-03-01,BA,6727,1001,77,484,8216.289,1958
2020-03-01,PI,151,638,50,10,2806.41,531
2020-03-01,PR,38059,26760,691,2732,24079.758,8132
2020-03-01,SC,19820,271,20,1422,4469.957,836
2020-03-01,RS,31244,945,73,2242,20963.21,1838
2020-03-01,PA,502,111382,8721,35,22281.738,15687
2020-03-01,RN,0,0,0,0,4994.597,691
2020-03-01,ES,1075,931,71,78,1578.209,673
2020-03-01,PB,16,0,0,1,861.132,50
2020-03-01,CE,0,0,0,0,4525.244,275
2020-03-01,MT,4361,2693,211,315,4194.687,1654
2020-03-01,MS,810,41,3,58,2498.813,542
2020-03-01,DF,10,23,2,1,30,18
2020-03-01,TO,454,4619,363,31,1914.679,1228
2020-03-01,MA,85,6596,517,6,3910.407,843
2020-03-01,RO,960,22145,1734,70,8117.615,6185
2020-03-01,AM,179,330,26,13,1617.002,748
2020-03-01,AP,1788,1590,125,128,965.95,379
2020-04-01,MG,31111,9413,736,2302,15917.689,4985
2020-04-01,SP,15921,14954,1169,1176,21984.111,7210
2020-04-01,RJ,722,1281,99,53,10050.891,3107
2020-04-01,GO,12477,6195,485,920,7500.829,2660
2020-04-01,AL,5110,27,2,381,4481.891,1220
2020-04-01,PE,2064,42,3,153,4217.081,918
2020-04-01,SE,2735,293,23,206,4770.64,1664
2020-04-01,BA,4454,375,30,330,8266.689,2301
2020-04-01,PI,129,56,4,10,2838.97,647
2020-04-01,PR,34476,12688,327,2556,24080.758,6082
2020-04-01,SC,17671,25,1,1304,4469.957,298
2020-04-01,RS,28215,595,46,2087,20521.235,1406
2020-04-01,PA,111,69226,5420,8,22281.738,11298
2020-04-01,RN,0,0,0,0,5103.367,1130
2020-04-01,ES,155,1192,93,11,1578.209,654
2020-04-01,PB,13,0,0,1,861.132,72
2020-04-01,CE,0,0,0,0,4510.484,305
2020-04-01,MT,1642,3229,250,122,4194.687,1650
2020-04-01,MS,410,105,9,30,2498.813,851
2020-04-01,DF,0,61,5,0,60,18
2020-04-01,TO,586,2922,228,43,1914.679,991
2020-04-01,MA,172,4506,353,12,3910.407,590
2020-04-01,RO,137,26998,2113,11,8117.615,5876
2020-04-01,AM,44,578,45,3,1617.002,913
2020-04-01,AP,177,3763,295,13,965.95,620
2020-05-01,MG,28052,8433,657,1774,15992.049,4852
2020-05-01,SP,16532,11670,915,1057,22011.711,7059
2020-05-01,RJ,762,1101,85,48,10050.891,3251
2020-05-01,GO,14206,6412,505,903,7502.669,2761
2020-05-01,AL,6476,11,1,414,4481.891,1088
2020-05-01,PE,2528,40,3,162,4230.261,760
2020-05-01,SE,3713,146,11,239,4770.64,1578
2020-05-01,BA,6842,388,30,437,8317.089,2582
2020-05-01,PI,64,204,16,4,2838.97,918
2020-05-01,PR,40484,48236,1220,2562,24080.758,6553
2020-05-01,SC,18400,352,24,1167,4470.967,405
2020-05-01,RS,31006,426,32,1972,20531.614,1454
2020-05-01,PA,283,62550,4898,16,22281.738,10653
2020-05-01,RN,0,0,0,0,5141.167,1313
2020-05-01,ES,260,1089,85,16,1578.209,575
2020-05-01,PB,12,0,0,1,861.132,79
2020-05-01,CE,0,0,0,0,4521.364,424
2020-05-01,MT,1383,3235,251,87,4194.687,1607
2020-05-01,MS,414,112,9,27,2498.813,769
2020-05-01,DF,0,66,5,0,30,18
2020-05-01,TO,1698,905,72,104,1914.679,753
2020-05-01,MA,189,3311,260,12,3910.407,610
2020-05-01,RO,631,20804,1629,37,8117.615,5114
2020-05-01,AM,65,650,51,4,1617.002,941
2020-05-01,AP,97,3953,309,6,965.95,635
2020-06-01,MG,17888,15100,1174,1103,15992.049,5604
2020-06-01,SP,12931,13679,1070,807,22024.111,7610
2020-06-01,RJ,981,704,53,64,10053.891,3384
2020-06-01,GO,9130,6067,471,570,7502.669,3072
2020-06-01,AL,5706,140,11,362,4481.891,1136
2020-06-01,PE,2102,319,25,133,4230.261,923
2020-06-01,SE,3214,655,51,205,4770.64,1287
2020-06-01,BA,1506,1426,111,94,8409.489,3290
2020-06-01,PI,32,277,22,2,2873.512,1212
2020-06-01,PR,35434,42968,1217,2217,24080.758,6703
2020-06-01,SC,11686,4209,323,728,4471.935,1295
2020-06-01,RS,19145,4501,348,1198,20553.974,2202
2020-06-01,PA,2788,33554,2627,176,22281.738,9093
2020-06-01,RN,0,0,0,0,5210.917,1829
2020-06-01,ES,558,737,57,36,1578.209,497
2020-06-01,PB,11,0,0,1,861.132,95
2020-06-01,CE,0,0,0,0,4521.364,588
2020-06-01,MT,1084,2106,166,69,4201.187,1460
2020-06-01,MS,250,175,13,16,2498.813,726
2020-06-01,DF,53,8,1,3,30,7
2020-06-01,TO,3362,76,5,215,1922.679,643
2020-06-01,MA,2104,486,38,133,3910.407,1003
2020-06-01,RO,7083,5967,467,445,8117.615,3475
2020-06-01,AM,81,1065,83,5,1617.002,986
2020-06-01,AP,284,3197,250,18,965.95,620
2020-07-01,MG,9853,22449,1752,622,15992.049,6489
2020-07-01,SP,14796,13964,1095,950,22045.004,8101
2020-07-01,RJ,3061,478,37,196,10053.891,2295
2020-07-01,GO,9392,9749,761,608,7502.669,3315
2020-07-01,AL,2951,459,36,191,4481.891,1407
2020-07-01,PE,1068,777,60,68,4233.113,1076
2020-07-01,SE,883,1747,137,58,4770.64,1613
2020-07-01,BA,554,2383,186,36,8451.489,3608
2020-07-01,PI,72,286,23,5,3034.054,1313
2020-07-01,PR,18326,45197,1620,1137,24083.558,8595
2020-07-01,SC,3705,9830,766,228,4471.935,2318
2020-07-01,RS,4062,27638,2162,242,20554.692,4723
2020-07-01,PA,45502,657,51,2992,22281.738,4571
2020-07-01,RN,0,0,0,0,5287.147,2321
2020-07-01,ES,809,443,36,54,1578.209,466
2020-07-01,PB,11,0,0,1,861.132,109
2020-07-01,CE,0,0,0,0,4521.364,762
2020-07-01,MT,2366,734,55,158,4201.187,1297
2020-07-01,MS,187,81,6,12,2498.813,767
2020-07-01,DF,74,0,0,5,30,4
2020-07-01,TO,5489,9,0,360,1930.679,530
2020-07-01,MA,4026,5,0,264,3900.407,913
2020-07-01,RO,14030,3901,305,939,8117.615,2912
2020-07-01,AM,251,875,69,18,1617.002,867
2020-07-01,AP,1080,877,69,72,965.95,456
2020-08-01,MG,11231,23701,1853,624,15992.049,6552
2020-08-01,SP,10627,18029,1413,606,22069.004,8131
2020-08-01,RJ,2731,705,54,159,10067.891,2651
2020-08-01,GO,8425,9951,779,489,7502.669,3356
2020-08-01,AL,4539,137,11,261,4481.891,1282
2020-08-01,PE,1618,306,25,91,4233.113,1310
2020-08-01,SE,1855,651,51,111,4770.64,1448
2020-08-01,BA,2027,1349,105,121,8480.889,3711
2020-08-01,PI,90,249,20,5,3274.888,1276
2020-08-01,PR,13695,87354,2928,753,24083.558,10083
2020-08-01,SC,3438,12765,992,192,4479.88,2359
2020-08-01,RS,2582,26996,2111,135,20564.892,4780
2020-08-01,PA,75601,729,57,4337,22281.738,3734
2020-08-01,RN,0,0,0,0,5287.147,3019
2020-08-01,ES,1163,325,24,66,1578.209,467
2020-08-01,PB,12,0,0,1,872.432,132
2020-08-01,CE,0,0,0,0,4521.364,1079
2020-08-01,MT,5793,576,43,335,3694.347,1091
2020-08-01,MS,293,51,3,18,2498.813,632
2020-08-01,DF,47,1,0,3,30,5
2020-08-01,TO,5304,74,5,316,1930.679,527
2020-08-01,MA,5049,9,1,295,3900.407,952
2020-08-01,RO,30847,2373,185,1807,8117.615,1785
2020-08-01,AM,703,115,9,42,1617.002,907
2020-08-01,AP,291,1520,119,17,965.95,468
2020-09-01,MG,12159,30986,2416,724,15992.051,7506
2020-09-01,SP,9327,24307,1901,561,22070.804,9007
2020-09-01,RJ,3426,574,44,212,10067.891,3223
2020-09-01,GO,5376,10263,803,327,7518.469,3811
2020-09-01,AL,2489,1029,80,152,4481.891,1613
2020-09-01,PE,1132,1231,96,67,4233.113,1207
2020-09-01,SE,603,2863,224,37,4770.64,2018
2020-09-01,BA,1457,1433,113,89,8572.674,3743
2020-09-01,PI,77,352,28,5,3318.388,1233
2020-09-01,PR,5909,87848,3475,341,24083.558,11725
2020-09-01,SC,6373,7553,588,378,4479.88,1721
2020-09-01,RS,3697,21985,1718,213,20568.592,4507
2020-09-01,PA,85676,182,14,5220,22281.738,3712
2020-09-01,RN,0,0,0,0,5359.912,2921
2020-09-01,ES,2163,73,5,130,1578.209,431
2020-09-01,PB,12,0,0,1,899.432,134
2020-09-01,CE,0,0,0,0,4518.364,1320
2020-09-01,MT,8601,114,7,528,3694.347,860
2020-09-01,MS,100,29,2,7,2507.813,697
2020-09-01,DF,62,2,0,4,30,5
2020-09-01,TO,2959,579,46,183,1930.679,765
2020-09-01,MA,5854,7,1,360,3900.617,1076
2020-09-01,RO,35518,2180,171,2176,8117.615,1561
2020-09-01,AM,113,909,71,7,1617.002,1001
2020-09-01,AP,1776,362,29,109,965.95,340
2020-10-01,MG,11517,34297,2679,661,15992.051,7617
2020-10-01,SP,6929,31787,2491,401,22085.804,9471
2020-10-01,RJ,1945,816,63,116,10067.891,4851
2020-10-01,GO,5087,13763,1074,304,7518.469,3866
2020-10-01,AL,652,3312,259,38,4481.891,1834
2020-10-01,PE,557,2235,175,31,4233.798,1730
2020-10-01,SE,45,6510,510,3,4770.64,2045
2020-10-01,BA,2714,1555,121,158,8679.459,3076
2020-10-01,PI,94,243,20,6,3349.888,948
2020-10-01,PR,15155,83549,2700,860,24092.758,10124
2020-10-01,SC,9408,2369,182,547,4480.44,1412
2020-10-01,RS,8356,12155,948,474,20568.592,4156
2020-10-01,PA,78270,1622,128,4651,22281.738,3911
2020-10-01,RN,0,0,0,0,5392.281,2436
2020-10-01,ES,1742,587,43,103,1578.209,594
2020-10-01,PB,12,0,0,1,899.432,222
2020-10-01,CE,0,0,0,0,4518.364,1866
2020-10-01,MT,7828,483,37,467,3694.347,1352
2020-10-01,MS,80,123,9,5,2507.813,893
2020-10-01,DF,45,31,2,3,30,8
2020-10-01,TO,1241,1659,130,73,1932.679,921
2020-10-01,MA,4768,5,0,282,3900.617,2145
2020-10-01,RO,38018,1240,97,2265,8117.615,1141
2020-10-01,AM,118,810,63,7,1617.002,1062
2020-10-01,AP,4650,60,5,278,965.95,197
2020-11-01,MG,6141,35220,2754,342,15992.041,7646
2020-11-01,SP,6310,30278,2371,366,22096.304,8710
2020-11-01,RJ,1171,1488,117,70,10067.891,5442
2020-11-01,GO,4258,15324,1196,249,7518.469,3853
2020-11-01,AL,657,4576,358,38,4481.891,1809
2020-11-01,PE,509,2797,219,28,4233.798,1937
2020-11-01,SE,24,7770,609,1,4770.64,2023
2020-11-01,BA,460,6027,472,27,8781.909,3311
2020-11-01,PI,34,451,35,2,3438.088,886
2020-11-01,PR,25512,78033,2168,1475,24042.758,8464
2020-11-01,SC,11925,666,46,691,4483.36,1040
2020-11-01,RS,17195,4942,386,997,22278.592,4229
2020-11-01,PA,81698,174,13,4792,22281.738,2866
2020-11-01,RN,0,0,0,0,5416.536,2489
2020-11-01,ES,496,1159,92,29,1578.209,765
2020-11-01,PB,11,0,0,1,899.432,257
2020-11-01,CE,0,0,0,0,4606.564,1812
2020-11-01,MT,6665,739,57,393,3694.347,1378
2020-11-01,MS,103,115,9,5,2507.813,1033
2020-11-01,DF,19,79,6,1,30,13
2020-11-01,TO,432,4399,343,25,1932.679,1061
2020-11-01,MA,1751,1026,81,104,3900.617,2457
2020-11-01,RO,29781,1608,126,1743,8117.615,1473
2020-11-01,AM,50,938,73,3,1433.002,1066
2020-11-01,AP,2899,284,22,170,1043.95,295
2020-12-01,MG,12243,24674,1926,780,15992.041,6742
2020-12-01,SP,8379,19857,1555,544,22136.804,7222
2020-12-01,RJ,548,3143,246,35,10067.891,5831
2020-12-01,GO,8343,7552,594,542,7518.469,2949
2020-12-01,AL,351,7481,586,22,4481.891,2176
2020-12-01,PE,402,4413,346,25,4233.798,2119
2020-12-01,SE,59,11623,910,4,4770.64,2473
2020-12-01,BA,2291,2136,167,146,9000.544,2868
2020-12-01,PI,145,114,9,10,3538.12,840
2020-12-01,PR,15567,50700,1796,980,24042.758,9047
2020-12-01,SC,8782,3915,298,553,4483.36,1500
2020-12-01,RS,16423,4704,365,1049,22299.199,4210
2020-12-01,PA,58873,796,63,3821,22281.738,3520
2020-12-01,RN,0,0,0,0,5533.796,2536
2020-12-01,ES,497,1367,106,31,1578.209,790
2020-12-01,PB,12,0,0,1,899.432,263
2020-12-01,CE,0,0,0,0,4635.964,2120
2020-12-01,MT,5392,999,76,350,3706.347,1418
2020-12-01,MS,227,56,4,15,2507.813,772
2020-12-01,DF,15,45,4,1,30,13
2020-12-01,TO,479,4320,337,29,1932.679,1065
2020-12-01,MA,1792,1064,84,115,3900.617,2458
2020-12-01,RO,12023,7414,580,765,8117.615,3313
2020-12-01,AM,212,428,33,14,1433.002,1010
2020-12-01,AP,3969,226,18,260,1043.95,271
2021-01-01,MG,29199,10814,842,1482,15992.041,5259
2021-01-01,SP,19320,10927,857,996,22136.804,5962
2021-01-01,RJ,954,3015,237,44,10067.891,5304
2021-01-01,GO,15794,3398,263,804,7478.469,2388
2021-01-01,AL,12968,244,19,681,4481.891,1037
2021-01-01,PE,5263,130,10,274,4263.798,1717
2021-01-01,SE,9856,375,30,516,4770.64,1141
2021-01-01,BA,5663,712,56,297,9000.544,3146
2021-01-01,PI,228,46,4,12,3597.97,970
2021-01-01,PR,14854,100251,2917,776,24052.658,10806
2021-01-01,SC,4844,7499,585,277,4494.89,2181
2021-01-01,RS,17207,6363,496,946,22312.199,3713
2021-01-01,PA,41404,11781,926,2114,22281.738,6339
2021-01-01,RN,0,0,0,0,5565.746,2491
2021-01-01,ES,1215,942,73,60,1578.209,700
2021-01-01,PB,15,0,0,1,899.432,277
2021-01-01,CE,0,0,0,0,4665.364,2223
2021-01-01,MT,1996,2641,206,113,3706.347,1955
2021-01-01,MS,54,190,14,3,2507.813,690
2021-01-01,DF,23,62,5,1,30,14
2021-01-01,TO,2200,1326,104,106,1932.679,814
2021-01-01,MA,2170,1237,97,115,3900.617,2432
2021-01-01,RO,518,25998,2041,28,8117.615,5820
2021-01-01,AM,1110,27,2,60,1433.002,922
2021-01-01,AP,1999,871,69,121,1043.95,427
2021-02-01,MG,52091,7102,551,2607,15994.541,4591
2021-02-01,SP,33499,4763,371,1720,22138.23,5417
2021-02-01,RJ,1456,1923,151,68,11406.191,4443
2021-02-01,GO,27569,1541,117,1368,7478.469,2096
2021-02-01,AL,19442,0,0,992,4481.891,908
2021-02-01,PE,8096,0,0,415,4293.798,1276
2021-02-01,SE,15724,0,0,810,4770.64,1016
2021-02-01,BA,6629,792,63,327,9075.544,1993
2021-02-01,PI,364,149,11,18,3657.97,625
2021-02-01,PR,16300,142803,3868,839,24052.658,12687
2021-02-01,SC,5744,7642,591,331,4497.29,2280
2021-02-01,RS,23340,5601,434,1221,22312.199,3861
2021-02-01,PA,36911,48294,3791,1576,22281.738,10605
2021-02-01,RN,0,0,0,0,5647.896,1881
2021-02-01,ES,979,1009,80,43,1578.209,777
2021-02-01,PB,16,0,0,1,899.972,166
2021-02-01,CE,0,0,0,0,4694.764,1650
2021-02-01,MT,2317,4134,321,109,3706.347,2006
2021-02-01,MS,165,50,4,9,2507.813,539
2021-02-01,DF,21,58,5,1,30,16
2021-02-01,TO,1857,3921,307,79,1932.679,1192
2021-02-01,MA,774,3848,303,31,3900.617,1745
2021-02-01,RO,1737,18895,1483,100,8117.615,5804
2021-02-01,AM,420,440,35,21,1433.002,956
2021-02-01,AP,192,2652,209,10,1043.95,704
2021-03-01,MG,42371,2846,216,3093,15863.541,4437
2021-03-01,SP,29578,2199,171,2165,22138.23,5246
2021-03-01,RJ,1558,747,59,115,11406.191,5486
2021-03-01,GO,18448,2486,191,1344,7478.469,2349
2021-03-01,AL,14713,0,0,1079,4481.891,845
2021-03-01,PE,6160,2,0,452,4323.798,688
2021-03-01,SE,12374,0,0,905,4770.64,953
2021-03-01,BA,5235,353,28,384,9143.044,2536
2021-03-01,PI,53,530,42,4,3736.72,788
2021-03-01,PR,13879,30728,1423,1011,24066.158,10133
2021-03-01,SC,10270,1635,125,741,4496.225,1539
2021-03-01,RS,20356,2000,154,1480,22342.199,2342
2021-03-01,PA,285,102599,8053,21,22281.738,16641
2021-03-01,RN,0,0,0,0,5741.451,1600
2021-03-01,ES,398,840,65,29,1579.721,800
2021-03-01,PB,12,0,0,1,899.972,88
2021-03-01,CE,0,0,0,0,4724.164,517
2021-03-01,MT,1282,5164,403,91,3706.347,2047
2021-03-01,MS,309,17,1,22,2618.632,726
2021-03-01,DF,1,74,6,0,30,18
2021-03-01,TO,1342,3868,305,99,1932.679,1182
2021-03-01,MA,0,8447,663,0,3900.617,944
2021-03-01,RO,4816,12053,947,354,8117.615,5347
2021-03-01,AM,117,413,32,9,1433.002,957
2021-03-01,AP,15,6548,513,1,1043.95,761
2021-04-01,MG,35902,2489,190,2766,15863.541,4251
2021-04-01,SP,21239,3369,265,1641,22153.48,6229
2021-04-01,RJ,1354,508,40,106,11406.191,4721
2021-04-01,GO,17518,2441,191,1355,7478.469,2460
2021-04-01,AL,8285,0,0,643,4481.891,1054
2021-04-01,PE,3421,26,1,265,4323.798,854
2021-04-01,SE,5799,6,1,450,4770.64,1195
2021-04-01,BA,3828,154,12,297,9119.944,2744
2021-04-01,PI,55,496,39,4,3736.72,1100
2021-04-01,PR,24002,8200,455,1853,24086.158,6955
2021-04-01,SC,13147,429,32,1009,4498.489,900
2021-04-01,RS,20810,1209,93,1600,22348.871,2347
2021-04-01,PA,50,108383,8509,3,22281.738,15885
2021-04-01,RN,0,0,0,0,5890.106,1831
2021-04-01,ES,552,496,39,41,1579.721,674
2021-04-01,PB,11,0,0,1,899.972,93
2021-04-01,CE,0,0,0,0,4724.164,649
2021-04-01,MT,1061,4161,323,82,3706.347,1932
2021-04-01,MS,497,2,0,37,2618.632,807
2021-04-01,DF,8,86,7,1,30,17
2021-04-01,TO,3069,386,29,236,1932.679,696
2021-04-01,MA,92,5990,470,7,3900.617,1043
2021-04-01,RO,744,15529,1218,57,8117.615,5192
2021-04-01,AM,107,299,23,8,1433.002,884
2021-04-01,AP,22,6914,542,1,1043.95,753
2021-05-01,MG,36174,4116,317,2469,15885.161,4076
2021-05-01,SP,20089,3873,303,1382,22153.48,6795
2021-05-01,RJ,1586,539,40,107,11406.191,4112
2021-05-01,GO,14655,3867,302,1004,7478.469,2745
2021-05-01,AL,7948,48,4,543,4481.891,1029
2021-05-01,PE,3167,59,5,218,4386.798,1073
2021-05-01,SE,5144,55,4,350,4770.64,1173
2021-05-01,BA,3833,112,9,262,9151.388,3239
2021-05-01,PI,118,105,8,8,3736.72,1512
2021-05-01,PR,27237,30934,736,1878,24572.468,6561
2021-05-01,SC,16626,381,25,1129,4499.875,681
2021-05-01,RS,22832,1638,124,1564,22348.871,2122
2021-05-01,PA,253,82419,6470,15,22281.738,13088
2021-05-01,RN,0,0,0,0,6188.061,1946
2021-05-01,ES,995,163,10,67,1579.721,639
2021-05-01,PB,12,0,0,1,899.972,103
2021-05-01,CE,0,0,0,0,4724.164,813
2021-05-01,MT,1181,2881,225,81,4235.547,1641
2021-05-01,MS,451,23,2,31,2618.632,886
2021-05-01,DF,47,1,0,3,30,7
2021-05-01,TO,4503,175,14,302,1932.679,570
2021-05-01,MA,1357,780,60,88,3900.617,1648
2021-05-01,RO,402,28540,2241,25,8117.615,5940
2021-05-01,AM,81,1002,79,6,1433.002,896
2021-05-01,AP,17,6997,549,1,1043.95,741
2021-06-01,MG,16028,11277,878,1189,15951.161,4926
2021-06-01,SP,11774,7778,609,885,22150.28,6931
2021-06-01,RJ,927,989,77,69,11406.191,4681
2021-06-01,GO,5986,4478,347,449,7543.469,2726
2021-06-01,AL,5787,252,20,437,4481.891,938
2021-06-01,PE,2268,362,28,170,4395.354,1645
2021-06-01,SE,3405,144,11,258,4770.64,1078
2021-06-01,BA,3066,119,8,231,9248.188,3710
2021-06-01,PI,44,171,13,3,3736.72,1629
2021-06-01,PR,16558,14717,775,1229,24118.128,6565
2021-06-01,SC,6245,5778,444,455,4499.875,1509
2021-06-01,RS,10477,9424,736,776,22348.751,3712
2021-06-01,PA,16362,6670,523,1230,22281.738,6143
2021-06-01,RN,0,0,0,0,6440.611,2322
2021-06-01,ES,666,320,22,48,1579.721,632
2021-06-01,PB,9,0,0,1,969.994,424
2021-06-01,CE,0,0,0,0,4724.164,1615
2021-06-01,MT,755,1922,147,56,3706.347,1507
2021-06-01,MS,164,35,3,12,2618.632,923
2021-06-01,DF,57,1,0,4,30,4
2021-06-01,TO,1299,1036,79,97,1932.679,704
2021-06-01,MA,2776,18,1,207,3900.617,2100
2021-06-01,RO,238,33167,2604,18,8117.615,5400
2021-06-01,AM,0,1860,146,0,1433.002,1020
2021-06-01,AP,39,4399,345,2,989.95,609
2021-07-01,MG,14149,8726,678,1024,15951.161,4252
2021-07-01,SP,11218,8581,671,825,22403.77,6493
2021-07-01,RJ,894,1356,104,64,11406.191,4998
2021-07-01,GO,8257,4804,374,603,7543.469,2331
2021-07-01,AL,5042,114,9,369,4481.891,832
2021-07-01,PE,2045,398,31,150,4395.354,1695
2021-07-01,SE,3023,497,39,222,4770.64,1801
2021-07-01,BA,2359,381,30,172,9622.123,3943
2021-07-01,PI,10,348,28,1,3779.752,1851
2021-07-01,PR,9150,36271,2244,660,24118.128,8102
2021-07-01,SC,3173,8149,629,217,4509.84,1765
2021-07-01,RS,4149,19116,1494,286,22350.621,4644
2021-07-01,PA,36539,1339,104,2681,22281.738,3510
2021-07-01,RN,0,0,0,0,6583.411,2945
2021-07-01,ES,725,237,17,54,1590.221,648
2021-07-01,MS,45,110,8,3,2795.748,1103
2021-07-01,PB,7,0,0,1,1105.129,389
2021-07-01,CE,0,0,0,0,4724.164,1953
2021-07-01,MT,1588,1333,103,115,3706.347,1269
2021-07-01,DF,67,2,0,5,30,3
2021-07-01,TO,421,1553,121,30,1932.679,718
2021-07-01,MA,1907,87,7,141,3900.617,2122
2021-07-01,RO,4245,12073,948,311,8117.615,3259
2021-07-01,AM,4,1406,110,0,1433.002,1132
2021-07-01,AP,413,2560,201,30,941.95,558
2021-08-01,MG,14928,12160,946,958,15951.161,4598
2021-08-01,SP,7881,15291,1201,529,22411.57,7212
2021-08-01,RJ,822,1462,113,55,11406.191,5474
2021-08-01,GO,5390,7958,625,357,7590.969,2741
2021-08-01,AL,5271,706,56,343,4481.891,851
2021-08-01,PE,2007,648,50,129,4395.354,1951
2021-08-01,SE,2521,735,58,169,4770.64,1992
2021-08-01,BA,1806,936,72,119,9710.323,4376
2021-08-01,PI,8,349,28,1,3779.752,1857
2021-08-01,PR,7597,56557,2709,474,24118.128,8369
2021-08-01,SC,6830,3906,300,421,4521.525,1377
2021-08-01,RS,5480,15435,1205,329,22350.621,4902
2021-08-01,PA,44735,1016,79,2935,22281.738,2752
2021-08-01,RN,0,0,0,0,6857.931,3571
2021-08-01,ES,962,145,11,63,1590.221,611
2021-08-01,MS,43,125,10,4,2795.748,1120
2021-08-01,PB,8,0,0,1,1105.572,552
2021-08-01,CE,0,0,0,0,5013.628,2240
2021-08-01,MT,3226,1117,89,213,3704.847,961
2021-08-01,DF,42,4,0,3,30,5
2021-08-01,TO,374,1857,145,25,1932.679,724
2021-08-01,MA,2356,71,6,158,3900.617,2403
2021-08-01,RO,17845,3286,258,1169,8118.865,1534
2021-08-01,AM,0,1763,138,0,1433.002,1148
2021-08-01,AP,18,4611,362,1,941.95,676
2021-09-01,MG,30747,6602,513,1578,15951.161,3687
2021-09-01,SP,11035,19112,1499,566,22820.877,7577
2021-09-01,RJ,1602,1278,101,83,11406.191,5671
2021-09-01,GO,9269,6225,489,493,7590.969,2685
2021-09-01,AL,3492,3114,245,166,4481.891,1329
2021-09-01,PE,1383,1900,150,66,4444.854,2181
2021-09-01,SE,967,4318,339,44,4770.64,2477
2021-09-01,BA,2695,918,72,137,10026.568,4407
2021-09-01,PI,24,306,24,1,3822.784,1737
2021-09-01,PR,16626,107369,2917,784,24127.978,8781
2021-09-01,SC,6300,11553,897,263,4524.825,2290
2021-09-01,RS,6328,22456,1761,261,22350.621,6088
2021-09-01,PA,62300,815,65,3151,22281.738,2825
2021-09-01,RN,0,0,0,0,6937.731,3391
2021-09-01,ES,1860,92,5,99,1590.221,497
2021-09-01,MS,78,194,16,5,2795.748,1071
2021-09-01,PB,12,0,0,1,1199.127,585
2021-09-01,CE,0,0,0,0,5065.561,2422
2021-09-01,MT,4714,874,69,245,3705.522,951
2021-09-01,DF,73,2,0,4,30,4
2021-09-01,TO,645,1589,123,37,1932.679,722
2021-09-01,MA,3631,76,6,190,3900.617,2489
2021-09-01,RO,30376,2272,178,1539,8182.865,1265
2021-09-01,AM,7,1677,132,0,1433.002,1048
2021-09-01,AP,337,1742,136,18,941.95,476
2021-10-01,MG,40590,7402,573,1721,15951.161,3598
2021-10-01,SP,20158,7622,599,857,22959.557,5717
2021-10-01,RJ,869,1830,143,37,11406.191,6680
2021-10-01,GO,16222,2856,224,694,7590.969,2135
2021-10-01,AL,8287,1238,97,329,4481.891,1049
2021-10-01,PE,3249,775,61,128,4506.354,1942
2021-10-01,SE,4488,1697,133,180,4770.64,2140
2021-10-01,BA,4575,468,37,192,10124.269,3815
2021-10-01,PI,19,260,20,1,3905.584,1343
2021-10-01,PR,20595,163555,4131,822,24137.004,10045
2021-10-01,SC,1614,15157,1184,60,4529.505,2765
2021-10-01,RS,6915,22707,1774,265,21714.826,5334
2021-10-01,PA,62716,8059,633,2681,22281.738,3849
2021-10-01,RN,0,0,0,0,7034.331,3058
2021-10-01,ES,759,1198,93,34,1590.221,664
2021-10-01,MS,72,267,21,3,2795.748,1047
2021-10-01,PB,15,0,0,1,1212.987,558
2021-10-01,CE,0,0,0,0,5124.361,2411
2021-10-01,MT,4456,1549,120,193,3789.522,1184
2021-10-01,DF,36,9,1,2,30,7
2021-10-01,TO,1990,794,61,87,1932.679,612
2021-10-01,MA,5242,25,2,228,3900.617,2442
2021-10-01,RO,34771,1360,106,1502,8191.865,1406
2021-10-01,AM,13,1061,83,1,1433.002,1082
2021-10-01,AP,2793,566,44,120,941.95,324
2021-11-01,MG,30567,12849,1001,1637,15952.081,4523
2021-11-01,SP,15845,9206,722,854,22969.557,5652
2021-11-01,RJ,835,1482,116,43,11406.191,6557
2021-11-01,GO,11938,3760,296,630,7590.969,2495
2021-11-01,AL,8152,495,39,474,4481.891,1035
2021-11-01,PE,3153,461,36,185,4506.354,1818
2021-11-01,SE,5392,967,76,327,4770.64,2169
2021-11-01,BA,3585,1538,122,189,10196.761,2954
2021-11-01,PI,7,1280,100,0,3948.616,1058
2021-11-01,PR,21097,86063,2205,1122,24272.064,8587
2021-11-01,SC,4625,5820,453,255,4534.605,1950
2021-11-01,RS,13790,6785,530,750,21714.826,3641
2021-11-01,PA,32433,29748,2336,1583,22281.738,7702
2021-11-01,RN,0,0,0,0,7169.981,2879
2021-11-01,ES,61,2046,161,3,1590.221,834
2021-11-01,MS,69,125,9,5,2797.748,920
2021-11-01,PB,12,0,0,1,1304.877,460
2021-11-01,CE,0,0,0,0,5124.361,2213
2021-11-01,MT,2101,3392,265,102,3789.522,1654
2021-11-01,DF,20,5,0,1,30,8
2021-11-01,TO,475,5008,392,22,1932.679,1121
2021-11-01,MA,575,2835,223,25,3900.617,2590
2021-11-01,RO,20976,3086,242,1072,8191.865,2566
2021-11-01,AM,11,1253,98,1,1402.098,1165
2021-11-01,AP,2927,423,34,159,941.95,347
2021-12-01,MG,30666,9801,759,2238,15952.081,4193
2021-12-01,SP,19553,4013,312,1443,22969.557,4743
2021-12-01,RJ,800,1543,121,56,11406.191,5826
2021-12-01,GO,12399,5540,436,918,7590.969,2323
2021-12-01,AL,11209,18,1,824,4481.891,834
2021-12-01,PE,4573,16,1,336,4606.354,1019
2021-12-01,SE,8654,9,1,637,4770.64,2123
2021-12-01,BA,3615,3301,258,268,10467.661,2781
2021-12-01,PI,4,1207,95,0,3948.616,1122
2021-12-01,PR,23713,18346,776,1810,24296.664,6864
2021-12-01,SC,8981,1545,116,658,4536.225,1319
2021-12-01,RS,15321,3727,289,1138,21720.326,3118
2021-12-01,PA,2090,56426,4428,131,22281.738,12096
2021-12-01,RN,0,0,0,0,7228.781,2794
2021-12-01,ES,57,2523,199,3,1590.788,851
2021-12-01,MS,85,279,21,5,2797.748,665
2021-12-01,PB,12,0,0,1,1374.177,287
2021-12-01,CE,0,0,0,0,5124.361,1743
2021-12-01,MT,1211,4285,336,93,3790.482,2174
2021-12-01,DF,27,1,0,2,30,8
2021-12-01,TO,202,7278,572,13,1932.679,1419
2021-12-01,MA,129,6914,543,8,3900.617,1736
2021-12-01,RO,933,18679,1465,57,8191.865,5404
2021-12-01,AM,104,1097,86,8,1407.194,949
2021-12-01,AP,2484,268,21,182,941.95,419
2022-01-01,MG,33363,12260,868,2371,16002.681,4835
2022-01-01,SP,29188,4196,297,2078,22969.557,4757
2022-01-01,RJ,748,2256,160,53,11406.191,5903
2022-01-01,GO,14825,5410,385,1053,7590.969,2527
2022-01-01,AL,7664,615,44,546,4481.891,1363
2022-01-01,PE,3065,572,41,218,4606.354,1045
2022-01-01,SE,5343,1831,131,380,4770.64,2540
2022-01-01,BA,1651,3644,261,116,10467.661,3060
2022-01-01,PI,159,621,44,11,3948.616,930
2022-01-01,PR,48049,8450,600,3420,24296.664,6513
2022-01-01,SC,12626,698,43,886,4536.225,1206
2022-01-01,RS,20242,2681,192,1437,22290.326,2412
2022-01-01,PA,246,102993,7335,17,22281.738,15884
2022-01-01,RN,0,0,0,0,7228.781,1964
2022-01-01,ES,500,1635,115,35,1590.788,742
2022-01-01,MS,127,113,8,9,2797.748,568
2022-01-01,PB,13,0,0,1,1374.177,188
2022-01-01,CE,0,0,0,0,5125.391,746
2022-01-01,MT,1465,7130,505,105,3790.482,2447
2022-01-01,DF,49,0,0,4,30,8
2022-01-01,TO,339,4607,329,25,1932.679,1266
2022-01-01,MA,690,734,52,50,3900.617,690
2022-01-01,RO,302,20108,1431,21,8191.865,5801
2022-01-01,AM,375,133,9,27,1407.194,724
2022-01-01,AP,651,1004,71,46,941.95,516
2022-02-01,MG,30663,15066,1067,2175,16101.681,5661
2022-02-01,SP,30979,8236,584,2204,22969.557,5346
2022-02-01,RJ,866,1741,124,61,11380.291,5119
2022-02-01,GO,20321,4306,307,1444,7590.969,2415
2022-02-01,AL,5301,346,25,377,4481.891,1642
2022-02-01,PE,1369,1051,75,97,4607.854,1291
2022-02-01,SE,1210,5374,382,86,4848.199,2219
2022-02-01,BA,719,4728,337,52,10502.561,3389
2022-02-01,PI,159,388,28,11,3948.616,928
2022-02-01,PR,54418,5267,372,3872,24296.664,6482
2022-02-01,SC,13683,545,35,968,4536.6,1134
2022-02-01,RS,24607,1532,108,1754,22290.34,1956
2022-02-01,PA,31,99620,7095,2,22281.738,15888
2022-02-01,RN,0,0,0,0,7228.781,2271
2022-02-01,ES,907,1631,115,63,1590.788,704
2022-02-01,MS,272,71,5,19,2762.748,451
2022-02-01,PB,14,0,0,1,1401.177,199
2022-02-01,CE,0,0,0,0,5125.391,881
2022-02-01,MT,1351,5911,419,94,3874.482,2595
2022-02-01,DF,21,54,4,1,30,15
2022-02-01,TO,378,4149,295,26,1940.699,1287
2022-02-01,MA,1316,656,48,93,3900.617,777
2022-02-01,RO,203,28311,2017,14,8191.865,6674
2022-02-01,AM,465,148,11,33,1407.194,718
2022-02-01,AP,744,878,63,52,941.95,535
2022-03-01,MG,30062,13494,949,2084,16304.381,5826
2022-03-01,SP,25544,7084,502,1777,22969.557,5920
2022-03-01,RJ,1579,854,59,110,11380.291,4053
2022-03-01,GO,17964,5844,413,1250,7590.969,2835
2022-03-01,AL,6908,215,15,476,4481.891,1566
2022-03-01,PE,2680,972,70,188,4607.854,1224
2022-03-01,SE,2449,2827,201,169,4848.199,2000
2022-03-01,BA,1417,4087,291,97,10602.246,4387
2022-03-01,PI,293,154,11,20,3948.616,1169
2022-03-01,PR,47678,7722,287,3335,24296.664,7218
2022-03-01,SC,11223,3391,229,775,4536.6,1505
2022-03-01,RS,25939,1624,111,1810,22290.34,2065
2022-03-01,PA,7,88687,6316,0,22281.738,15298
2022-03-01,RN,0,0,0,0,7388.381,1805
2022-03-01,ES,216,1336,93,15,1590.788,612
2022-03-01,MS,275,26,2,19,2762.748,379
2022-03-01,PB,14,0,0,1,1428.177,230
2022-03-01,CE,0,0,0,0,5196.791,552
2022-03-01,MT,1310,5916,423,91,3790.482,2680
2022-03-01,DF,31,101,7,2,30,18
2022-03-01,TO,979,3391,243,68,1940.699,1210
2022-03-01,MA,1293,291,20,90,3900.617,604
2022-03-01,RO,137,27245,1941,10,8191.865,6677
2022-03-01,AM,25,911,65,2,1407.194,813
2022-03-01,AP,159,2009,144,11,941.95,643