data;fonte_energia;total_pago;total_recebido;total_energia_entregue;total_energia_recebida;total_capacidade;total_geracao_centro_gravidade
2020-02-01;Hidráulica;182176.0;195361.0;12086.0;11329.0;109900.52500000008;51325
2020-02-01;Térmica bi-Combustível - gás/óleo;0.0;0.0;0.0;0.0;2316.1569999999997;339
2020-02-01;Térmica a Óleo;0.0;0.0;0.0;0.0;4641.745;7
2020-02-01;Hidráulica CGH;1017.0;79.0;2.0;53.0;375.71799999999996;138
2020-02-01;Térmica a Carvão Mineral;0.0;0.0;0.0;0.0;3463.411;1248
2020-02-01;Hidráulica PCH;15940.0;3694.0;276.0;982.0;5256.322000000002;3017
2020-02-01;Térmica a Gás;0.0;0.0;0.0;0.0;16392.467;4095
2020-02-01;Térmica a Biomassa;0.0;0.0;0.0;0.0;13119.601000000004;925
2020-02-01;Térmica - Outros;0.0;0.0;0.0;0.0;10035.2;359
2020-02-01;Térmica Nuclear;0.0;0.0;0.0;0.0;2007;1244
2020-02-01;Eólica;0.0;0.0;0.0;0.0;15522.179000000013;3955
2020-02-01;Térmica a GNL;0.0;0.0;0.0;0.0;1719.63;195
2020-02-01;Solar Fotovoltaica;0.0;0.0;0.0;0.0;2986.327;578
2020-02-01;Térmica Reação Exotérmica;0.0;0.0;0.0;0.0;5;0
2020-03-01;Hidráulica;196385.0;211844.0;15184.0;14093.0;109900.52500000008;50906
2020-03-01;Térmica bi-Combustível - gás/óleo;0.0;0.0;0.0;0.0;2316.1569999999997;321
2020-03-01;Térmica a Óleo;0.0;0.0;0.0;0.0;4641.745;15
2020-03-01;Hidráulica CGH;1207.0;48.0;2.0;81.0;384.63599999999985;120
2020-03-01;Térmica a Carvão Mineral;0.0;0.0;0.0;0.0;3463.411;746
2020-03-01;Hidráulica PCH;17789.0;3474.0;265.0;1269.0;5252.122000000002;2853
2020-03-01;Térmica a Gás;0.0;0.0;0.0;0.0;16392.467;2683
2020-03-01;Térmica a Biomassa;0.0;0.0;0.0;0.0;13131.289000000004;1337
2020-03-01;Térmica - Outros;0.0;0.0;0.0;0.0;11135.199999999999;391
2020-03-01;Térmica Nuclear;0.0;0.0;0.0;0.0;2007;1571
2020-03-01;Eólica;0.0;0.0;0.0;0.0;15734.429000000011;2971
2020-03-01;Térmica a GNL;0.0;0.0;0.0;0.0;1719.64;238
2020-03-01;Solar Fotovoltaica;0.0;0.0;0.0;0.0;3036.8880000000004;573
2020-03-01;Térmica Reação Exotérmica;0.0;0.0;0.0;0.0;5;0
2020-01-01;Hidráulica;188344.0;200813.0;10602.0;10039.0;109900.52500000008;47707
2020-01-01;Térmica bi-Combustível - gás/óleo;0.0;0.0;0.0;0.0;2316.1569999999997;431
2020-01-01;Térmica a Óleo;0.0;0.0;0.0;0.0;4641.745;14
2020-01-01;Hidráulica CGH;946.0;75.0;1.0;38.0;372.645;121
2020-01-01;Térmica a Carvão Mineral;0.0;0.0;0.0;0.0;3463.411;2094
2020-01-01;Hidráulica PCH;15356.0;3746.0;285.0;827.0;5250.322000000002;2732
2020-01-01;Térmica a Gás;0.0;0.0;0.0;0.0;16392.467;6661
2020-01-01;Térmica a Biomassa;0.0;0.0;0.0;0.0;13090.901000000003;987
2020-01-01;Térmica - Outros;0.0;0.0;0.0;0.0;10035.2;282
2020-01-01;Térmica Nuclear;0.0;0.0;0.0;0.0;2007;1427
2020-01-01;Eólica;0.0;0.0;0.0;0.0;15484.379000000014;3706
2020-01-01;Térmica a GNL;0.0;0.0;0.0;0.0;1719.63;192
2020-01-01;Solar Fotovoltaica;0.0;0.0;0.0;0.0;2695.276999999999;564
2020-01-01;Térmica Reação Exotérmica;0.0;0.0;0.0;0.0;5;0
2020-10-01;Hidráulica;187394.0;196766.0;11559.0;11050.0;109956.89000000007;41882
2020-10-01;Térmica bi-Combustível - gás/óleo;0.0;0.0;0.0;0.0;1316.157;124
2020-10-01;Térmica a Óleo;0.0;0.0;0.0;0.0;4329.800000000001;514
2020-10-01;Hidráulica CGH;910.0;195.0;13.0;37.0;455.91099999999994;92
2020-10-01;Térmica a Carvão Mineral;0.0;0.0;0.0;0.0;3017.411;1774
2020-10-01;Hidráulica PCH;10927.0;2250.0;164.0;647.0;5269.202000000003;1571
2020-10-01;Térmica a Gás;0.0;0.0;0.0;0.0;14403.771999999997;6578
2020-10-01;Térmica a Biomassa;0.0;0.0;0.0;0.0;13387.079000000005;4138
2020-10-01;Térmica - Outros;0.0;0.0;0.0;0.0;11135.2;991
2020-10-01;Térmica Nuclear;0.0;0.0;0.0;0.0;2007;1705
2020-10-01;Térmica a GNL;0.0;0.0;0.0;0.0;2219.6400000000003;180
2020-10-01;Eólica;0.0;0.0;0.0;0.0;17004.579000000005;7671
2020-10-01;Solar Fotovoltaica;0.0;0.0;0.0;0.0;3250.0869999999995;658
2020-10-01;Térmica Reação Exotérmica;0.0;0.0;0.0;0.0;5;0
2020-04-01;Hidráulica;146082.0;154305.0;11410.0;10825.0;109900.52500000008;41687
2020-04-01;Térmica bi-Combustível - gás/óleo;0.0;0.0;0.0;0.0;1816.157;285
2020-04-01;Térmica a Óleo;0.0;0.0;0.0;0.0;4329.800000000001;8
2020-04-01;Hidráulica CGH;883.0;50.0;1.0;56.0;385.63599999999985;108
2020-04-01;Térmica a Carvão Mineral;0.0;0.0;0.0;0.0;3017.411;242
2020-04-01;Hidráulica PCH;11567.0;4169.0;325.0;851.0;5282.122000000001;2507
2020-04-01;Térmica a Gás;0.0;0.0;0.0;0.0;14934.171999999999;2142
2020-04-01;Térmica a Biomassa;0.0;0.0;0.0;0.0;13196.289000000004;3210
2020-04-01;Térmica - Outros;0.0;0.0;0.0;0.0;11135.199999999999;233
2020-04-01;Térmica Nuclear;0.0;0.0;0.0;0.0;2007;1718
2020-04-01;Eólica;0.0;0.0;0.0;0.0;15903.30400000001;4202
2020-04-01;Térmica a GNL;0.0;0.0;0.0;0.0;1719.64;496
2020-04-01;Solar Fotovoltaica;0.0;0.0;0.0;0.0;3082.568;628
2020-04-01;Térmica Reação Exotérmica;0.0;0.0;0.0;0.0;5;0
2020-05-01;Hidráulica;161626.0;170256.0;10775.0;10271.0;109928.12500000009;39370
2020-05-01;Térmica bi-Combustível - gás/óleo;0.0;0.0;0.0;0.0;1316.157;120
2020-05-01;Térmica a Óleo;0.0;0.0;0.0;0.0;4329.800000000001;9
2020-05-01;Hidráulica CGH;932.0;70.0;2.0;46.0;392.0459999999998;111
2020-05-01;Térmica a Carvão Mineral;0.0;0.0;0.0;0.0;3017.411;557
2020-05-01;Hidráulica PCH;11539.0;3768.0;291.0;732.0;5257.922000000002;2236
2020-05-01;Térmica a Gás;0.0;0.0;0.0;0.0;14934.171999999999;1912
2020-05-01;Térmica a Biomassa;0.0;0.0;0.0;0.0;13268.089000000005;4147
2020-05-01;Térmica - Outros;0.0;0.0;0.0;0.0;11135.2;268
2020-05-01;Térmica Nuclear;0.0;0.0;0.0;0.0;2007;1821
2020-05-01;Térmica a GNL;0.0;0.0;0.0;0.0;2219.6400000000003;556
2020-05-01;Eólica;0.0;0.0;0.0;0.0;16018.764000000001;5013
2020-05-01;Solar Fotovoltaica;0.0;0.0;0.0;0.0;3082.947;632
2020-05-01;Térmica Reação Exotérmica;0.0;0.0;0.0;0.0;5;0
2020-11-01;Hidráulica;187846.0;194298.0;11271.0;10969.0;109956.89000000007;38170
2020-11-01;Térmica bi-Combustível - gás/óleo;0.0;0.0;0.0;0.0;1316.157;132
2020-11-01;Térmica a Óleo;0.0;0.0;0.0;0.0;4323.800000000001;884
2020-11-01;Hidráulica CGH;813.0;268.0;17.0;31.0;464.643;105
2020-11-01;Térmica a Carvão Mineral;0.0;0.0;0.0;0.0;3017.411;1822
2020-11-01;Hidráulica PCH;9442.0;3527.0;265.0;552.0;5273.880000000004;1815
2020-11-01;Térmica a Gás;0.0;0.0;0.0;0.0;14303.771999999997;8044
2020-11-01;Térmica a Biomassa;0.0;0.0;0.0;0.0;13387.079000000005;3467
2020-11-01;Térmica - Outros;0.0;0.0;0.0;0.0;12795.2;2150
2020-11-01;Térmica Nuclear;0.0;0.0;0.0;0.0;2007;1709
2020-11-01;Térmica a GNL;0.0;0.0;0.0;0.0;2219.6400000000003;183
2020-11-01;Eólica;0.0;0.0;0.0;0.0;17307.684000000005;7215
2020-11-01;Solar Fotovoltaica;0.0;0.0;0.0;0.0;3250.0869999999995;619
2020-11-01;Térmica Reação Exotérmica;0.0;0.0;0.0;0.0;5;0
2020-07-01;Hidráulica;135853.0;136236.0;8748.0;8803.0;109900.52500000008;41001
2020-07-01;Térmica bi-Combustível - gás/óleo;0.0;0.0;0.0;0.0;1316.157;122
2020-07-01;Térmica a Óleo;0.0;0.0;0.0;0.0;4329.800000000001;4
2020-07-01;Hidráulica CGH;422.0;342.0;19.0;14.0;407.2919999999999;163
2020-07-01;Térmica a Carvão Mineral;0.0;0.0;0.0;0.0;3017.411;600
2020-07-01;Hidráulica PCH;6273.0;5961.0;459.0;399.0;5294.304000000004;2306
2020-07-01;Térmica a Gás;0.0;0.0;0.0;0.0;14934.171999999999;2578
2020-07-01;Térmica a Biomassa;0.0;0.0;0.0;0.0;13321.834000000004;4523
2020-07-01;Térmica - Outros;0.0;0.0;0.0;0.0;11135.2;315
2020-07-01;Térmica Nuclear;0.0;0.0;0.0;0.0;2007;581
2020-07-01;Térmica a GNL;0.0;0.0;0.0;0.0;2219.6400000000003;193
2020-07-01;Eólica;0.0;0.0;0.0;0.0;16425.144;7752
2020-07-01;Solar Fotovoltaica;0.0;0.0;0.0;0.0;3152.749;690
2020-07-01;Térmica Reação Exotérmica;0.0;0.0;0.0;0.0;5;0
2020-12-01;Hidráulica;147997.0;151554.0;9701.0;9528.0;109956.89000000007;40932
2020-12-01;Térmica bi-Combustível - gás/óleo;0.0;0.0;0.0;0.0;1316.157;124
2020-12-01;Térmica a Óleo;0.0;0.0;0.0;0.0;4323.800000000001;654
2020-12-01;Hidráulica CGH;705.0;356.0;17.0;29.0;468.04299999999995;174
2020-12-01;Térmica a Carvão Mineral;0.0;0.0;0.0;0.0;3017.411;2112
2020-12-01;Hidráulica PCH;8322.0;5117.0;385.0;535.0;5295.787000000004;2416
2020-12-01;Térmica a Gás;0.0;0.0;0.0;0.0;14303.771999999997;7492
2020-12-01;Térmica a Biomassa;0.0;0.0;0.0;0.0;13439.579000000005;1594
2020-12-01;Térmica - Outros;0.0;0.0;0.0;0.0;12795.2;1635
2020-12-01;Térmica Nuclear;0.0;0.0;0.0;0.0;2007;1698
2020-12-01;Térmica a GNL;0.0;0.0;0.0;0.0;2219.6400000000003;448
2020-12-01;Eólica;0.0;0.0;0.0;0.0;17725.279000000006;7611
2020-12-01;Solar Fotovoltaica;0.0;0.0;0.0;0.0;3293.1189999999997;636
2020-12-01;Térmica Reação Exotérmica;0.0;0.0;0.0;0.0;5;0
2020-06-01;Hidráulica;130015.0;133321.0;8284.0;8149.0;109900.52500000008;38994
2020-06-01;Térmica bi-Combustível - gás/óleo;0.0;0.0;0.0;0.0;1316.157;122
2020-06-01;Térmica a Óleo;0.0;0.0;0.0;0.0;4329.800000000001;7
2020-06-01;Hidráulica CGH;561.0;204.0;9.0;23.0;403.24199999999985;146
2020-06-01;Térmica a Carvão Mineral;0.0;0.0;0.0;0.0;3017.411;739
2020-06-01;Hidráulica PCH;6837.0;3891.0;290.0;428.0;5287.554000000003;2262
2020-06-01;Térmica a Gás;0.0;0.0;0.0;0.0;14934.171999999999;2800
2020-06-01;Térmica a Biomassa;0.0;0.0;0.0;0.0;13308.089000000005;4385
2020-06-01;Térmica - Outros;0.0;0.0;0.0;0.0;11135.2;245
2020-06-01;Térmica Nuclear;0.0;0.0;0.0;0.0;2007;1317
2020-06-01;Térmica a GNL;0.0;0.0;0.0;0.0;2219.6400000000003;303
2020-06-01;Eólica;0.0;0.0;0.0;0.0;16180.914;6760
2020-06-01;Solar Fotovoltaica;0.0;0.0;0.0;0.0;3117.489;660
2020-06-01;Térmica Reação Exotérmica;0.0;0.0;0.0;0.0;5;0
2020-08-01;Hidráulica;179408.0;182822.0;10406.0;10308.0;109924.52500000008;40415
2020-08-01;Térmica bi-Combustível - gás/óleo;0.0;0.0;0.0;0.0;1316.157;117
2020-08-01;Térmica a Óleo;0.0;0.0;0.0;0.0;4329.800000000001;9
2020-08-01;Hidráulica CGH;446.0;335.0;18.0;17.0;410.6919999999999;155
2020-08-01;Térmica a Carvão Mineral;0.0;0.0;0.0;0.0;3017.411;608
2020-08-01;Hidráulica PCH;8107.0;4809.0;364.0;459.0;5322.424000000004;2006
2020-08-01;Térmica a Gás;0.0;0.0;0.0;0.0;14404.971999999998;2793
2020-08-01;Térmica a Biomassa;0.0;0.0;0.0;0.0;13355.494000000004;4334
2020-08-01;Térmica - Outros;0.0;0.0;0.0;0.0;11135.2;303
2020-08-01;Térmica Nuclear;0.0;0.0;0.0;0.0;2007;1078
2020-08-01;Térmica a GNL;0.0;0.0;0.0;0.0;2219.6400000000003;200
2020-08-01;Eólica;0.0;0.0;0.0;0.0;16626.294;9003
2020-08-01;Solar Fotovoltaica;0.0;0.0;0.0;0.0;3222.4579999999996;716
2020-08-01;Térmica Reação Exotérmica;0.0;0.0;0.0;0.0;5;0
2020-09-01;Hidráulica;183126.0;192060.0;11629.0;11133.0;109956.89000000007;44460
2020-09-01;Térmica bi-Combustível - gás/óleo;0.0;0.0;0.0;0.0;1316.157;115
2020-09-01;Térmica a Óleo;0.0;0.0;0.0;0.0;4329.800000000001;17
2020-09-01;Hidráulica CGH;779.0;203.0;10.0;30.0;455.351;120
2020-09-01;Térmica a Carvão Mineral;0.0;0.0;0.0;0.0;3017.411;506
2020-09-01;Hidráulica PCH;10954.0;2598.0;193.0;668.0;5261.202000000003;1605
2020-09-01;Térmica a Gás;0.0;0.0;0.0;0.0;14403.771999999997;2425
2020-09-01;Térmica a Biomassa;0.0;0.0;0.0;0.0;13368.194000000005;4449
2020-09-01;Térmica - Outros;0.0;0.0;0.0;0.0;11135.2;350
2020-09-01;Térmica Nuclear;0.0;0.0;0.0;0.0;2007;1714
2020-09-01;Térmica a GNL;0.0;0.0;0.0;0.0;2219.6400000000003;392
2020-09-01;Eólica;0.0;0.0;0.0;0.0;16834.344000000005;9223
2020-09-01;Solar Fotovoltaica;0.0;0.0;0.0;0.0;3249.6679999999997;761
2020-09-01;Térmica Reação Exotérmica;0.0;0.0;0.0;0.0;5;0
2018-06-01;Hidráulica;147817.0;152577.0;8361.0;8160.0;108784.64900000009;37425
2018-06-01;Térmica bi-Combustível - gás/óleo;0.0;0.0;0.0;0.0;2522.5069999999996;440
2018-06-01;Térmica a Óleo;0.0;0.0;0.0;0.0;5455.874000000001;119
2018-06-01;Hidráulica CGH;374.0;71.0;2.0;10.0;272.597;90
2018-06-01;Térmica a Carvão Mineral;0.0;0.0;0.0;0.0;3118.411;1487
2018-06-01;Hidráulica PCH;6902.0;2430.0;195.0;386.0;4909.598;2085
2018-06-01;Térmica a Gás;0.0;0.0;0.0;0.0;19059.308;5541
2018-06-01;Térmica a Biomassa;0.0;0.0;0.0;0.0;12678.537000000002;4496
2018-06-01;Térmica - Outros;0.0;0.0;0.0;0.0;1160.1;385
2018-06-01;Térmica Nuclear;0.0;0.0;0.0;0.0;2007;1847
2018-06-01;Eólica;0.0;0.0;0.0;0.0;13234.69900000001;5762
2018-06-01;Térmica a GNL;0.0;0.0;0.0;0.0;204;145
2018-06-01;Solar Fotovoltaica;0.0;0.0;0.0;0.0;1347.42;305
2018-06-01;Térmica Reação Exotérmica;0.0;0.0;0.0;0.0;5;0
2018-12-01;Hidráulica;156172.0;160916.0;9517.0;9317.0;109079.85700000009;48810
2018-12-01;Térmica bi-Combustível - gás/óleo;0.0;0.0;0.0;0.0;2522.5069999999996;420
2018-12-01;Térmica a Óleo;0.0;0.0;0.0;0.0;5053.5740000000005;422
2018-12-01;Hidráulica CGH;494.0;103.0;5.0;19.0;300.12499999999994;132
2018-12-01;Térmica a Carvão Mineral;0.0;0.0;0.0;0.0;3118.411;610
2018-12-01;Hidráulica PCH;8149.0;3798.0;309.0;493.0;5063.488000000001;2904
2018-12-01;Térmica a Gás;0.0;0.0;0.0;0.0;19096.597;1817
2018-12-01;Térmica a Biomassa;0.0;0.0;0.0;0.0;12826.702000000003;1623
2018-12-01;Térmica - Outros;0.0;0.0;0.0;0.0;3360.1;276
2018-12-01;Térmica Nuclear;0.0;0.0;0.0;0.0;2007;1715
2018-12-01;Eólica;0.0;0.0;0.0;0.0;14660.249000000014;4825
2018-12-01;Térmica a GNL;0.0;0.0;0.0;0.0;204;89
2018-12-01;Solar Fotovoltaica;0.0;0.0;0.0;0.0;1963.1200000000001;417
2018-12-01;Térmica Reação Exotérmica;0.0;0.0;0.0;0.0;5;0
2018-07-01;Hidráulica;151235.0;154655.0;9096.0;8972.0;108784.64900000009;35720
2018-07-01;Térmica bi-Combustível - gás/óleo;0.0;0.0;0.0;0.0;2522.5069999999996;348
2018-07-01;Térmica a Óleo;0.0;0.0;0.0;0.0;5455.874000000001;349
2018-07-01;Hidráulica CGH;368.0;75.0;3.0;10.0;275.04699999999997;77
2018-07-01;Térmica a Carvão Mineral;0.0;0.0;0.0;0.0;3118.411;1830
2018-07-01;Hidráulica PCH;6691.0;3555.0;290.0;400.0;4960.518;1909
2018-07-01;Térmica a Gás;0.0;0.0;0.0;0.0;19059.308;5933
2018-07-01;Térmica a Biomassa;0.0;0.0;0.0;0.0;12720.867000000002;4760
2018-07-01;Térmica - Outros;0.0;0.0;0.0;0.0;1160.1;492
2018-07-01;Térmica Nuclear;0.0;0.0;0.0;0.0;2007;1852
2018-07-01;Eólica;0.0;0.0;0.0;0.0;13294.099000000011;6651
2018-07-01;Térmica a GNL;0.0;0.0;0.0;0.0;204;173
2018-07-01;Solar Fotovoltaica;0.0;0.0;0.0;0.0;1347.42;342
2018-07-01;Térmica Reação Exotérmica;0.0;0.0;0.0;0.0;5;0
2018-11-01;Hidráulica;239379.0;239828.0;12391.0;12531.0;108779.85700000009;45527
2018-11-01;Térmica bi-Combustível - gás/óleo;0.0;0.0;0.0;0.0;2522.5069999999996;302
2018-11-01;Térmica a Óleo;0.0;0.0;0.0;0.0;5053.5740000000005;246
2018-11-01;Hidráulica CGH;313.0;171.0;6.0;7.0;295.671;149
2018-11-01;Térmica a Carvão Mineral;0.0;0.0;0.0;0.0;3118.411;498
2018-11-01;Hidráulica PCH;5554.0;5309.0;441.0;288.0;5031.398000000001;2888
2018-11-01;Térmica a Gás;0.0;0.0;0.0;0.0;19087.331000000002;2353
2018-11-01;Térmica a Biomassa;0.0;0.0;0.0;0.0;12813.202000000003;2904
2018-11-01;Térmica - Outros;0.0;0.0;0.0;0.0;3360.1;512
2018-11-01;Térmica Nuclear;0.0;0.0;0.0;0.0;2007;1258
2018-11-01;Eólica;0.0;0.0;0.0;0.0;14462.749000000014;6876
2018-11-01;Térmica a GNL;0.0;0.0;0.0;0.0;204;191
2018-11-01;Solar Fotovoltaica;0.0;0.0;0.0;0.0;1901.1200000000001;346
2018-11-01;Térmica Reação Exotérmica;0.0;0.0;0.0;0.0;5;0
2018-05-01;Hidráulica;178309.0;185843.0;11335.0;10915.0;110480.71200000009;41649
2018-05-01;Térmica bi-Combustível - gás/óleo;0.0;0.0;0.0;0.0;2522.5069999999996;435
2018-05-01;Térmica a Óleo;0.0;0.0;0.0;0.0;5455.874000000001;155
2018-05-01;Hidráulica CGH;457.0;46.0;2.0;13.0;257.7149999999999;84
2018-05-01;Térmica a Carvão Mineral;0.0;0.0;0.0;0.0;3118.411;1161
2018-05-01;Hidráulica PCH;9443.0;2326.0;187.0;580.0;4921.598;2187
2018-05-01;Térmica a Gás;0.0;0.0;0.0;0.0;19059.308;3315
2018-05-01;Térmica a Biomassa;0.0;0.0;0.0;0.0;12614.491000000002;3862
2018-05-01;Térmica - Outros;0.0;0.0;0.0;0.0;1160.1;380
2018-05-01;Térmica Nuclear;0.0;0.0;0.0;0.0;2007;1842
2018-05-01;Eólica;0.0;0.0;0.0;0.0;13118.09900000001;4736
2018-05-01;Térmica a GNL;0.0;0.0;0.0;0.0;204;181
2018-05-01;Solar Fotovoltaica;0.0;0.0;0.0;0.0;1346.52;293
2018-05-01;Térmica Reação Exotérmica;0.0;0.0;0.0;0.0;5;0
2018-10-01;Hidráulica;227652.0;230635.0;12112.0;12120.0;108779.05700000009;41609
2018-10-01;Térmica bi-Combustível - gás/óleo;0.0;0.0;0.0;0.0;2522.5069999999996;435
2018-10-01;Térmica a Óleo;0.0;0.0;0.0;0.0;5400.377;320
2018-10-01;Hidráulica CGH;290.0;212.0;8.0;8.0;295.671;147
2018-10-01;Térmica a Carvão Mineral;0.0;0.0;0.0;0.0;3118.411;1315
2018-10-01;Hidráulica PCH;7432.0;5425.0;447.0;402.0;5025.298000000001;2395
2018-10-01;Térmica a Gás;0.0;0.0;0.0;0.0;19087.331000000002;4921
2018-10-01;Térmica a Biomassa;0.0;0.0;0.0;0.0;12784.126000000004;3622
2018-10-01;Térmica - Outros;0.0;0.0;0.0;0.0;3360.1;742
2018-10-01;Térmica Nuclear;0.0;0.0;0.0;0.0;2007;1743
2018-10-01;Eólica;0.0;0.0;0.0;0.0;14268.749000000014;6174
2018-10-01;Térmica a GNL;0.0;0.0;0.0;0.0;204;180
2018-10-01;Solar Fotovoltaica;0.0;0.0;0.0;0.0;1517.1200000000001;360
2018-10-01;Térmica Reação Exotérmica;0.0;0.0;0.0;0.0;5;0
2018-01-01;Hidráulica;238362.0;245818.0;13348.0;13052.0;108774.71200000009;47584
2018-01-01;Térmica bi-Combustível - gás/óleo;0.0;0.0;0.0;0.0;2522.5069999999996;303
2018-01-01;Térmica a Óleo;0.0;0.0;0.0;0.0;5540.034000000001;354
2018-01-01;Hidráulica CGH;333.0;51.0;1.0;9.0;215.86899999999994;100
2018-01-01;Térmica a Carvão Mineral;0.0;0.0;0.0;0.0;4011.411;1223
2018-01-01;Hidráulica PCH;11196.0;4007.0;329.0;616.0;4847.683999999998;2813
2018-01-01;Térmica a Gás;0.0;0.0;0.0;0.0;19059.308;4519
2018-01-01;Térmica a Biomassa;0.0;0.0;0.0;0.0;12608.315000000002;811
2018-01-01;Térmica - Outros;0.0;0.0;0.0;0.0;1160.1;347
2018-01-01;Térmica Nuclear;0.0;0.0;0.0;0.0;2007;1724
2018-01-01;Eólica;0.0;0.0;0.0;0.0;12828.199000000008;4506
2018-01-01;Térmica a GNL;0.0;0.0;0.0;0.0;204;190
2018-01-01;Solar Fotovoltaica;0.0;0.0;0.0;0.0;1109.52;224
2018-01-01;Térmica Reação Exotérmica;0.0;0.0;0.0;0.0;5;0
2018-03-01;Hidráulica;211477.0;217997.0;12464.0;12180.0;108770.71200000009;46934
2018-03-01;Térmica bi-Combustível - gás/óleo;0.0;0.0;0.0;0.0;2522.5069999999996;428
2018-03-01;Térmica a Óleo;0.0;0.0;0.0;0.0;5540.034000000001;404
2018-03-01;Hidráulica CGH;465.0;61.0;4.0;18.0;242.46499999999992;104
2018-03-01;Térmica a Carvão Mineral;0.0;0.0;0.0;0.0;3118.411;1082
2018-03-01;Hidráulica PCH;9965.0;3839.0;305.0;574.0;4831.557999999999;2807
2018-03-01;Térmica a Gás;0.0;0.0;0.0;0.0;19059.308;2879
2018-03-01;Térmica a Biomassa;0.0;0.0;0.0;0.0;12653.065000000002;3050
2018-03-01;Térmica - Outros;0.0;0.0;0.0;0.0;1160.1;328
2018-03-01;Térmica Nuclear;0.0;0.0;0.0;0.0;2007;1812
2018-03-01;Eólica;0.0;0.0;0.0;0.0;13058.399000000009;3542
2018-03-01;Térmica a GNL;0.0;0.0;0.0;0.0;204;149
2018-03-01;Solar Fotovoltaica;0.0;0.0;0.0;0.0;1319.52;258
2018-03-01;Térmica Reação Exotérmica;0.0;0.0;0.0;0.0;5;0
2018-02-01;Hidráulica;213364.0;221454.0;12070.0;11735.0;108770.71200000009;49864
2018-02-01;Térmica bi-Combustível - gás/óleo;0.0;0.0;0.0;0.0;2522.5069999999996;372
2018-02-01;Térmica a Óleo;0.0;0.0;0.0;0.0;5540.034000000001;475
2018-02-01;Hidráulica CGH;466.0;47.0;3.0;18.0;222.89899999999994;94
2018-02-01;Térmica a Carvão Mineral;0.0;0.0;0.0;0.0;4011.411;1320
2018-02-01;Hidráulica PCH;11723.0;4035.0;333.0;645.0;4843.453999999998;2921
2018-02-01;Térmica a Gás;0.0;0.0;0.0;0.0;19059.308;3855
2018-02-01;Térmica a Biomassa;0.0;0.0;0.0;0.0;12616.565000000002;849
2018-02-01;Térmica - Outros;0.0;0.0;0.0;0.0;1160.1;361
2018-02-01;Térmica Nuclear;0.0;0.0;0.0;0.0;2007;1118
2018-02-01;Eólica;0.0;0.0;0.0;0.0;12946.499000000009;3041
2018-02-01;Térmica a GNL;0.0;0.0;0.0;0.0;204;182
2018-02-01;Solar Fotovoltaica;0.0;0.0;0.0;0.0;1169.52;219
2018-02-01;Térmica Reação Exotérmica;0.0;0.0;0.0;0.0;5;0
2018-09-01;Hidráulica;170800.0;172259.0;10245.0;10274.0;108780.55700000009;35202
2018-09-01;Térmica bi-Combustível - gás/óleo;0.0;0.0;0.0;0.0;2522.5069999999996;431
2018-09-01;Térmica a Óleo;0.0;0.0;0.0;0.0;5400.377;1116
2018-09-01;Hidráulica CGH;275.0;194.0;11.0;6.0;296.608;112
2018-09-01;Térmica a Carvão Mineral;0.0;0.0;0.0;0.0;3118.411;1483
2018-09-01;Hidráulica PCH;6234.0;4843.0;397.0;376.0;4980.668000000001;1985
2018-09-01;Térmica a Gás;0.0;0.0;0.0;0.0;19087.331000000002;6536
2018-09-01;Térmica a Biomassa;0.0;0.0;0.0;0.0;12751.126000000004;4238
2018-09-01;Térmica - Outros;0.0;0.0;0.0;0.0;3360.1;845
2018-09-01;Térmica Nuclear;0.0;0.0;0.0;0.0;2007;1857
2018-09-01;Eólica;0.0;0.0;0.0;0.0;13809.09900000001;7436
2018-09-01;Térmica a GNL;0.0;0.0;0.0;0.0;204;176
2018-09-01;Solar Fotovoltaica;0.0;0.0;0.0;0.0;1442.9200000000003;383
2018-09-01;Térmica Reação Exotérmica;0.0;0.0;0.0;0.0;5;0
2018-08-01;Hidráulica;191478.0;196497.0;10490.0;10316.0;108784.8470000001;36027
2018-08-01;Térmica bi-Combustível - gás/óleo;0.0;0.0;0.0;0.0;2522.5069999999996;435
2018-08-01;Térmica a Óleo;0.0;0.0;0.0;0.0;5410.377;1502
2018-08-01;Hidráulica CGH;432.0;62.0;1.0;12.0;278.91799999999995;76
2018-08-01;Térmica a Carvão Mineral;0.0;0.0;0.0;0.0;3118.411;1825
2018-08-01;Hidráulica PCH;7857.0;3189.0;258.0;418.0;4958.518;1790
2018-08-01;Térmica a Gás;0.0;0.0;0.0;0.0;19087.331000000002;5067
2018-08-01;Térmica a Biomassa;0.0;0.0;0.0;0.0;12731.126000000004;4446
2018-08-01;Térmica - Outros;0.0;0.0;0.0;0.0;1160.1;474
2018-08-01;Térmica Nuclear;0.0;0.0;0.0;0.0;2007;1866
2018-08-01;Eólica;0.0;0.0;0.0;0.0;13353.499000000013;7026
2018-08-01;Térmica a GNL;0.0;0.0;0.0;0.0;204;101
2018-08-01;Solar Fotovoltaica;0.0;0.0;0.0;0.0;1415.72;346
2018-08-01;Térmica Reação Exotérmica;0.0;0.0;0.0;0.0;5;0
2022-04-01;Hidráulica;165214.0;167172.0;11693.0;11562.0;110046.49000000008;49361
2022-04-01;Térmica bi-Combustível - gás/óleo;0.0;0.0;0.0;0.0;1493.273;111
2022-04-01;Térmica a Óleo;0.0;0.0;0.0;0.0;4127.800000000001;8
2022-04-01;Hidráulica CGH;901.0;341.0;9.0;43.0;521.152;240
2022-04-01;Térmica a Carvão Mineral;0.0;0.0;0.0;0.0;3017.411;300
2022-04-01;Hidráulica PCH;7171.0;5777.0;404.0;497.0;5463.198000000006;3222
2022-04-01;Térmica a Gás;0.0;0.0;0.0;0.0;14933.562999999996;1424
2022-04-01;Térmica a Biomassa;0.0;0.0;0.0;0.0;14599.127000000004;2192
2022-04-01;Térmica - Outros;0.0;0.0;0.0;0.0;13385.700000000003;343
2022-04-01;Térmica Nuclear;0.0;0.0;0.0;0.0;2007;1820
2022-04-01;Térmica a GNL;0.0;0.0;0.0;0.0;2297.199;89
2022-04-01;Eólica;0.0;0.0;0.0;0.0;22156.57400000003;6865
2022-04-01;Solar Fotovoltaica;0.0;0.0;0.0;0.0;5235.948000000003;1208
2022-04-01;Térmica Reação Exotérmica;0.0;0.0;0.0;0.0;5;0
2022-01-01;Hidráulica;170257.0;174679.0;12436.0;12118.0;110046.49000000008;47871
2022-01-01;Térmica bi-Combustível - gás/óleo;0.0;0.0;0.0;0.0;1493.273;128
2022-01-01;Térmica a Óleo;0.0;0.0;0.0;0.0;4127.800000000001;287
2022-01-01;Hidráulica CGH;1433.0;230.0;8.0;88.0;521.152;152
2022-01-01;Térmica a Carvão Mineral;0.0;0.0;0.0;0.0;3017.411;816
2022-01-01;Hidráulica PCH;9990.0;6782.0;477.0;703.0;5403.684000000006;2905
2022-01-01;Térmica a Gás;0.0;0.0;0.0;0.0;15006.262999999995;4806
2022-01-01;Térmica a Biomassa;0.0;0.0;0.0;0.0;14342.575000000003;870
2022-01-01;Térmica - Outros;0.0;0.0;0.0;0.0;13377.680000000002;381
2022-01-01;Térmica Nuclear;0.0;0.0;0.0;0.0;2007;1817
2022-01-01;Térmica a GNL;0.0;0.0;0.0;0.0;2219.6400000000003;1524
2022-01-01;Eólica;0.0;0.0;0.0;0.0;21556.40400000002;6001
2022-01-01;Solar Fotovoltaica;0.0;0.0;0.0;0.0;4836.813000000003;1077
2022-01-01;Térmica Reação Exotérmica;0.0;0.0;0.0;0.0;5;0
2022-02-01;Hidráulica;176861.0;183223.0;13044.0;12586.0;110130.49000000008;51538
2022-02-01;Térmica bi-Combustível - gás/óleo;0.0;0.0;0.0;0.0;1493.273;118
2022-02-01;Térmica a Óleo;0.0;0.0;0.0;0.0;4127.800000000001;240
2022-02-01;Hidráulica CGH;1660.0;194.0;8.0;101.0;521.152;152
2022-02-01;Térmica a Carvão Mineral;0.0;0.0;0.0;0.0;3017.411;677
2022-02-01;Hidráulica PCH;11476.0;6592.0;464.0;812.0;5403.698000000006;3037
2022-02-01;Térmica a Gás;0.0;0.0;0.0;0.0;14980.362999999996;3660
2022-02-01;Térmica a Biomassa;0.0;0.0;0.0;0.0;14307.575000000003;805
2022-02-01;Térmica - Outros;0.0;0.0;0.0;0.0;13385.700000000003;318
2022-02-01;Térmica Nuclear;0.0;0.0;0.0;0.0;2007;1715
2022-02-01;Térmica a GNL;0.0;0.0;0.0;0.0;2297.199;542
2022-02-01;Eólica;0.0;0.0;0.0;0.0;21591.304000000022;6592
2022-02-01;Solar Fotovoltaica;0.0;0.0;0.0;0.0;4964.688000000002;1183
2022-02-01;Térmica Reação Exotérmica;0.0;0.0;0.0;0.0;5;0
2022-03-01;Hidráulica;166664.0;172722.0;12033.0;11621.0;110046.49000000008;52683
2022-03-01;Térmica bi-Combustível - gás/óleo;0.0;0.0;0.0;0.0;1493.273;117
2022-03-01;Térmica a Óleo;0.0;0.0;0.0;0.0;4127.800000000001;210
2022-03-01;Hidráulica CGH;1224.0;276.0;7.0;62.0;521.152;197
2022-03-01;Térmica a Carvão Mineral;0.0;0.0;0.0;0.0;3017.411;683
2022-03-01;Hidráulica PCH;10294.0;5183.0;352.0;717.0;5403.698000000006;3130
2022-03-01;Térmica a Gás;0.0;0.0;0.0;0.0;14980.362999999996;2760
2022-03-01;Térmica a Biomassa;0.0;0.0;0.0;0.0;14510.275000000003;1026
2022-03-01;Térmica - Outros;0.0;0.0;0.0;0.0;13385.700000000003;260
2022-03-01;Térmica Nuclear;0.0;0.0;0.0;0.0;2007;1806
2022-03-01;Térmica a GNL;0.0;0.0;0.0;0.0;2297.199;179
2022-03-01;Eólica;0.0;0.0;0.0;0.0;21921.989000000023;7067
2022-03-01;Solar Fotovoltaica;0.0;0.0;0.0;0.0;4991.688000000002;1171
2022-03-01;Térmica Reação Exotérmica;0.0;0.0;0.0;0.0;5;0
2021-09-01;Hidráulica;183191.0;188983.0;9324.0;9183.0;109956.89000000007;32375
2021-09-01;Térmica bi-Combustível - gás/óleo;0.0;0.0;0.0;0.0;1493.273;228
2021-09-01;Térmica a Óleo;0.0;0.0;0.0;0.0;4154.800000000001;2009
2021-09-01;Hidráulica CGH;854.0;392.0;16.0;26.0;510.1770000000001;127
2021-09-01;Térmica a Carvão Mineral;0.0;0.0;0.0;0.0;3017.411;2058
2021-09-01;Hidráulica PCH;10456.0;5109.0;397.0;522.0;5381.2140000000045;1690
2021-09-01;Térmica a Gás;0.0;0.0;0.0;0.0;15495.390999999996;7343
2021-09-01;Térmica a Biomassa;0.0;0.0;0.0;0.0;14124.989000000003;4359
2021-09-01;Térmica - Outros;0.0;0.0;0.0;0.0;12803.000000000002;2010
2021-09-01;Térmica Nuclear;0.0;0.0;0.0;0.0;2007;1843
2021-09-01;Térmica a GNL;0.0;0.0;0.0;0.0;2219.6400000000003;1102
2021-09-01;Eólica;0.0;0.0;0.0;0.0;20522.404000000013;10511
2021-09-01;Solar Fotovoltaica;0.0;0.0;0.0;0.0;4624.931000000001;1001
2021-09-01;Térmica Reação Exotérmica;0.0;0.0;0.0;0.0;5;0
2021-08-01;Hidráulica;122004.0;127049.0;8239.0;7947.0;109956.89000000007;30138
2021-08-01;Térmica bi-Combustível - gás/óleo;0.0;0.0;0.0;0.0;1493.273;229
2021-08-01;Térmica a Óleo;0.0;0.0;0.0;0.0;4090.8000000000006;1896
2021-08-01;Hidráulica CGH;650.0;258.0;11.0;26.0;502.20200000000006;98
2021-08-01;Térmica a Carvão Mineral;0.0;0.0;0.0;0.0;3017.411;2146
2021-08-01;Hidráulica PCH;7496.0;2831.0;211.0;483.0;5375.364000000004;1441
2021-08-01;Térmica a Gás;0.0;0.0;0.0;0.0;15495.390999999996;7157
2021-08-01;Térmica a Biomassa;0.0;0.0;0.0;0.0;13715.682000000003;4538
2021-08-01;Térmica - Outros;0.0;0.0;0.0;0.0;12803.000000000002;1634
2021-08-01;Térmica Nuclear;0.0;0.0;0.0;0.0;2007;1838
2021-08-01;Térmica a GNL;0.0;0.0;0.0;0.0;2219.6400000000003;1370
2021-08-01;Eólica;0.0;0.0;0.0;0.0;20186.14900000001;10727
2021-08-01;Solar Fotovoltaica;0.0;0.0;0.0;0.0;4327.121;785
2021-08-01;Térmica Reação Exotérmica;0.0;0.0;0.0;0.0;5;0
2021-01-01;Hidráulica;178726.0;182732.0;9394.0;9297.0;109956.89000000007;43034
2021-01-01;Térmica bi-Combustível - gás/óleo;0.0;0.0;0.0;0.0;1316.157;143
2021-01-01;Térmica a Óleo;0.0;0.0;0.0;0.0;4323.800000000001;1129
2021-01-01;Hidráulica CGH;739.0;405.0;17.0;23.0;472.043;203
2021-01-01;Térmica a Carvão Mineral;0.0;0.0;0.0;0.0;3017.411;1903
2021-01-01;Hidráulica PCH;9389.0;5712.0;442.0;507.0;5324.839000000004;2792
2021-01-01;Térmica a Gás;0.0;0.0;0.0;0.0;14303.771999999997;7425
2021-01-01;Térmica a Biomassa;0.0;0.0;0.0;0.0;13399.579000000005;929
2021-01-01;Térmica - Outros;0.0;0.0;0.0;0.0;12795.2;1194
2021-01-01;Térmica Nuclear;0.0;0.0;0.0;0.0;2007;1690
2021-01-01;Térmica a GNL;0.0;0.0;0.0;0.0;2219.6400000000003;259
2021-01-01;Eólica;0.0;0.0;0.0;0.0;17846.479000000007;7334
2021-01-01;Solar Fotovoltaica;0.0;0.0;0.0;0.0;3324.4969999999994;693
2021-01-01;Térmica Reação Exotérmica;0.0;0.0;0.0;0.0;5;0
2021-03-01;Hidráulica;170261.0;180416.0;13167.0;12439.0;109956.89000000007;50053
2021-03-01;Térmica bi-Combustível - gás/óleo;0.0;0.0;0.0;0.0;1316.157;108
2021-03-01;Térmica a Óleo;0.0;0.0;0.0;0.0;4192.800000000001;173
2021-03-01;Hidráulica CGH;1250.0;81.0;2.0;80.0;478.455;174
2021-03-01;Térmica a Carvão Mineral;0.0;0.0;0.0;0.0;3017.411;913
2021-03-01;Hidráulica PCH;12061.0;3052.0;228.0;881.0;5330.339000000004;2800
2021-03-01;Térmica a Gás;0.0;0.0;0.0;0.0;15677.890999999996;5048
2021-03-01;Térmica a Biomassa;0.0;0.0;0.0;0.0;13512.940000000004;1246
2021-03-01;Térmica - Outros;0.0;0.0;0.0;0.0;12795.2;372
2021-03-01;Térmica Nuclear;0.0;0.0;0.0;0.0;2007;1683
2021-03-01;Térmica a GNL;0.0;0.0;0.0;0.0;2219.6400000000003;466
2021-03-01;Eólica;0.0;0.0;0.0;0.0;18354.934000000012;5193
2021-03-01;Solar Fotovoltaica;0.0;0.0;0.0;0.0;3392.3369999999995;741
2021-03-01;Térmica Reação Exotérmica;0.0;0.0;0.0;0.0;5;0
2021-02-01;Hidráulica;243131.0;250384.0;12308.0;12080.0;109956.89000000007;48570
2021-02-01;Térmica bi-Combustível - gás/óleo;0.0;0.0;0.0;0.0;1316.157;112
2021-02-01;Térmica a Óleo;0.0;0.0;0.0;0.0;4323.800000000001;348
2021-02-01;Hidráulica CGH;1028.0;215.0;5.0;34.0;476.943;218
2021-02-01;Térmica a Carvão Mineral;0.0;0.0;0.0;0.0;3017.411;1656
2021-02-01;Hidráulica PCH;11484.0;5018.0;382.0;582.0;5324.839000000004;3028
2021-02-01;Térmica a Gás;0.0;0.0;0.0;0.0;15642.071999999996;5344
2021-02-01;Térmica a Biomassa;0.0;0.0;0.0;0.0;13401.005000000005;944
2021-02-01;Térmica - Outros;0.0;0.0;0.0;0.0;12795.2;1244
2021-02-01;Térmica Nuclear;0.0;0.0;0.0;0.0;2007;1686
2021-02-01;Térmica a GNL;0.0;0.0;0.0;0.0;2219.6400000000003;205
2021-02-01;Eólica;0.0;0.0;0.0;0.0;18089.029000000013;5263
2021-02-01;Solar Fotovoltaica;0.0;0.0;0.0;0.0;3359.0369999999994;616
2021-02-01;Térmica Reação Exotérmica;0.0;0.0;0.0;0.0;5;0
2021-06-01;Hidráulica;98077.0;100650.0;7507.0;7336.0;109956.89000000007;35361
2021-06-01;Térmica bi-Combustível - gás/óleo;0.0;0.0;0.0;0.0;1316.157;138
2021-06-01;Térmica a Óleo;0.0;0.0;0.0;0.0;4138.800000000001;1619
2021-06-01;Hidráulica CGH;575.0;333.0;10.0;28.0;487.61699999999996;162
2021-06-01;Térmica a Carvão Mineral;0.0;0.0;0.0;0.0;3017.411;1939
2021-06-01;Hidráulica PCH;6278.0;3934.0;299.0;462.0;5358.999000000004;2059
2021-06-01;Térmica a Gás;0.0;0.0;0.0;0.0;15495.390999999996;7288
2021-06-01;Térmica a Biomassa;0.0;0.0;0.0;0.0;13622.682000000003;4274
2021-06-01;Térmica - Outros;0.0;0.0;0.0;0.0;12795.2;702
2021-06-01;Térmica Nuclear;0.0;0.0;0.0;0.0;2007;736
2021-06-01;Térmica a GNL;0.0;0.0;0.0;0.0;2219.6400000000003;525
2021-06-01;Eólica;0.0;0.0;0.0;0.0;19411.094000000005;7870
2021-06-01;Solar Fotovoltaica;0.0;0.0;0.0;0.0;3543.8369999999995;780
2021-06-01;Térmica Reação Exotérmica;0.0;0.0;0.0;0.0;5;0
2021-12-01;Hidráulica;137031.0;140932.0;10394.0;10133.0;110041.89000000007;42169
2021-12-01;Térmica bi-Combustível - gás/óleo;0.0;0.0;0.0;0.0;1493.273;122
2021-12-01;Térmica a Óleo;0.0;0.0;0.0;0.0;4127.800000000001;578
2021-12-01;Hidráulica CGH;1042.0;226.0;11.0;58.0;521.152;150
2021-12-01;Térmica a Carvão Mineral;0.0;0.0;0.0;0.0;3017.411;1366
2021-12-01;Hidráulica PCH;8749.0;5658.0;431.0;638.0;5403.684000000006;2761
2021-12-01;Térmica a Gás;0.0;0.0;0.0;0.0;15006.262999999995;6082
2021-12-01;Térmica a Biomassa;0.0;0.0;0.0;0.0;14296.575000000003;1092
2021-12-01;Térmica - Outros;0.0;0.0;0.0;0.0;12807.680000000002;350
2021-12-01;Térmica Nuclear;0.0;0.0;0.0;0.0;2007;1827
2021-12-01;Térmica a GNL;0.0;0.0;0.0;0.0;2219.6400000000003;1562
2021-12-01;Eólica;0.0;0.0;0.0;0.0;21556.40400000002;7755
2021-12-01;Solar Fotovoltaica;0.0;0.0;0.0;0.0;4835.783000000003;996
2021-12-01;Térmica Reação Exotérmica;0.0;0.0;0.0;0.0;5;0
2021-07-01;Hidráulica;103289.0;105469.0;7666.0;7536.0;109956.89000000007;31383
2021-07-01;Térmica bi-Combustível - gás/óleo;0.0;0.0;0.0;0.0;1493.273;164
2021-07-01;Térmica a Óleo;0.0;0.0;0.0;0.0;4090.8000000000006;1429
2021-07-01;Hidráulica CGH;444.0;388.0;17.0;17.0;487.61699999999996;138
2021-07-01;Térmica a Carvão Mineral;0.0;0.0;0.0;0.0;3017.411;1845
2021-07-01;Hidráulica PCH;5697.0;3584.0;267.0;411.0;5379.4640000000045;1729
2021-07-01;Térmica a Gás;0.0;0.0;0.0;0.0;15495.390999999996;7628
2021-07-01;Térmica a Biomassa;0.0;0.0;0.0;0.0;13672.682000000003;4603
2021-07-01;Térmica - Outros;0.0;0.0;0.0;0.0;12795.2;951
2021-07-01;Térmica Nuclear;0.0;0.0;0.0;0.0;2007;976
2021-07-01;Térmica a GNL;0.0;0.0;0.0;0.0;2219.6400000000003;1242
2021-07-01;Eólica;0.0;0.0;0.0;0.0;19777.229000000007;9440
2021-07-01;Solar Fotovoltaica;0.0;0.0;0.0;0.0;4077.963999999999;788
2021-07-01;Térmica Reação Exotérmica;0.0;0.0;0.0;0.0;5;0
2021-11-01;Hidráulica;171544.0;170891.0;8865.0;9074.0;110040.89000000007;37093
2021-11-01;Térmica bi-Combustível - gás/óleo;0.0;0.0;0.0;0.0;1493.273;191
2021-11-01;Térmica a Óleo;0.0;0.0;0.0;0.0;4127.800000000001;1715
2021-11-01;Hidráulica CGH;682.0;480.0;30.0;21.0;517.532;186
2021-11-01;Térmica a Carvão Mineral;0.0;0.0;0.0;0.0;3017.411;1871
2021-11-01;Hidráulica PCH;6420.0;7256.0;561.0;345.0;5382.084000000005;2658
2021-11-01;Térmica a Gás;0.0;0.0;0.0;0.0;15001.166999999996;7662
2021-11-01;Térmica a Biomassa;0.0;0.0;0.0;0.0;14291.075000000003;2243
2021-11-01;Térmica - Outros;0.0;0.0;0.0;0.0;12807.680000000002;1137
2021-11-01;Térmica Nuclear;0.0;0.0;0.0;0.0;2007;1681
2021-11-01;Térmica a GNL;0.0;0.0;0.0;0.0;2219.6400000000003;1559
2021-11-01;Eólica;0.0;0.0;0.0;0.0;21157.404000000017;7828
2021-11-01;Solar Fotovoltaica;0.0;0.0;0.0;0.0;4734.256000000003;1074
2021-11-01;Térmica Reação Exotérmica;0.0;0.0;0.0;0.0;5;0
2021-05-01;Hidráulica;150662.0;167281.0;11430.0;10300.0;109956.89000000007;41415
2021-05-01;Térmica bi-Combustível - gás/óleo;0.0;0.0;0.0;0.0;1316.157;97
2021-05-01;Térmica a Óleo;0.0;0.0;0.0;0.0;4192.800000000001;182
2021-05-01;Hidráulica CGH;1531.0;42.0;0.0;92.0;487.73699999999997;103
2021-05-01;Térmica a Carvão Mineral;0.0;0.0;0.0;0.0;3017.411;1247
2021-05-01;Hidráulica PCH;16515.0;1385.0;97.0;1142.0;5329.189000000004;1885
2021-05-01;Térmica a Gás;0.0;0.0;0.0;0.0;16571.240999999998;5280
2021-05-01;Térmica a Biomassa;0.0;0.0;0.0;0.0;13551.604000000003;4257
2021-05-01;Térmica - Outros;0.0;0.0;0.0;0.0;12795.2;196
2021-05-01;Térmica Nuclear;0.0;0.0;0.0;0.0;2007;1318
2021-05-01;Térmica a GNL;0.0;0.0;0.0;0.0;2219.6400000000003;371
2021-05-01;Eólica;0.0;0.0;0.0;0.0;18929.944000000007;6942
2021-05-01;Solar Fotovoltaica;0.0;0.0;0.0;0.0;3477.8369999999995;743
2021-05-01;Térmica Reação Exotérmica;0.0;0.0;0.0;0.0;5;0
2021-04-01;Hidráulica;145374.0;159583.0;12335.0;11230.0;109956.89000000007;44741
2021-04-01;Térmica bi-Combustível - gás/óleo;0.0;0.0;0.0;0.0;1316.157;102
2021-04-01;Térmica a Óleo;0.0;0.0;0.0;0.0;4192.800000000001;97
2021-04-01;Hidráulica CGH;1350.0;92.0;6.0;91.0;485.127;128
2021-04-01;Térmica a Carvão Mineral;0.0;0.0;0.0;0.0;3017.411;898
2021-04-01;Hidráulica PCH;14849.0;1898.0;138.0;1142.0;5329.189000000004;2174
2021-04-01;Térmica a Gás;0.0;0.0;0.0;0.0;15557.890999999996;5377
2021-04-01;Térmica a Biomassa;0.0;0.0;0.0;0.0;13551.604000000003;2902
2021-04-01;Térmica - Outros;0.0;0.0;0.0;0.0;12795.2;279
2021-04-01;Térmica Nuclear;0.0;0.0;0.0;0.0;2007;1404
2021-04-01;Térmica a GNL;0.0;0.0;0.0;0.0;2219.6400000000003;337
2021-04-01;Eólica;0.0;0.0;0.0;0.0;18600.48900000001;6081
2021-04-01;Solar Fotovoltaica;0.0;0.0;0.0;0.0;3392.3369999999995;746
2021-04-01;Térmica Reação Exotérmica;0.0;0.0;0.0;0.0;5;0
2021-10-01;Hidráulica;233871.0;229563.0;9312.0;9875.0;110040.89000000007;31745
2021-10-01;Térmica bi-Combustível - gás/óleo;0.0;0.0;0.0;0.0;1493.273;242
2021-10-01;Térmica a Óleo;0.0;0.0;0.0;0.0;4163.800000000001;2101
2021-10-01;Hidráulica CGH;512.0;843.0;52.0;11.0;516.612;222
2021-10-01;Térmica a Carvão Mineral;0.0;0.0;0.0;0.0;3017.411;2051
2021-10-01;Hidráulica PCH;6061.0;10049.0;776.0;252.0;5376.984000000005;2544
2021-10-01;Térmica a Gás;0.0;0.0;0.0;0.0;14996.070999999996;8218
2021-10-01;Térmica a Biomassa;0.0;0.0;0.0;0.0;14146.015000000003;3290
2021-10-01;Térmica - Outros;0.0;0.0;0.0;0.0;12807.680000000002;1231
2021-10-01;Térmica Nuclear;0.0;0.0;0.0;0.0;2007;1743
2021-10-01;Térmica a GNL;0.0;0.0;0.0;0.0;2219.6400000000003;1511
2021-10-01;Eólica;0.0;0.0;0.0;0.0;20906.464000000014;9363
2021-10-01;Solar Fotovoltaica;0.0;0.0;0.0;0.0;4640.132000000001;946
2021-10-01;Térmica Reação Exotérmica;0.0;0.0;0.0;0.0;5;0
2019-08-01;Hidráulica;154102.0;162820.0;9146.0;8690.0;109834.1370000001;34781
2019-08-01;Térmica bi-Combustível - gás/óleo;0.0;0.0;0.0;0.0;2522.5069999999996;349
2019-08-01;Térmica a Óleo;0.0;0.0;0.0;0.0;4808.905000000001;13
2019-08-01;Hidráulica CGH;587.0;69.0;3.0;22.0;337.9489999999999;71
2019-08-01;Térmica a Carvão Mineral;0.0;0.0;0.0;0.0;3463.411;1770
2019-08-01;Hidráulica PCH;10034.0;1833.0;140.0;562.0;5172.162000000003;1524
2019-08-01;Térmica a Gás;0.0;0.0;0.0;0.0;19084.791;6292
2019-08-01;Térmica a Biomassa;0.0;0.0;0.0;0.0;12934.723000000005;4641
2019-08-01;Térmica - Outros;0.0;0.0;0.0;0.0;10035.2;334
2019-08-01;Térmica Nuclear;0.0;0.0;0.0;0.0;2007;1859
2019-08-01;Eólica;0.0;0.0;0.0;0.0;15154.249000000014;8609
2019-08-01;Térmica a GNL;0.0;0.0;0.0;0.0;204;193
2019-08-01;Solar Fotovoltaica;0.0;0.0;0.0;0.0;2234.8650000000002;578
2019-08-01;Térmica Reação Exotérmica;0.0;0.0;0.0;0.0;5;0
2019-09-01;Hidráulica;185561.0;197459.0;10808.0;10183.0;109870.1370000001;37818
2019-09-01;Térmica bi-Combustível - gás/óleo;0.0;0.0;0.0;0.0;2522.5069999999996;392
2019-09-01;Térmica a Óleo;0.0;0.0;0.0;0.0;4772.745;20
2019-09-01;Hidráulica CGH;650.0;54.0;2.0;22.0;344.5809999999999;73
2019-09-01;Térmica a Carvão Mineral;0.0;0.0;0.0;0.0;3463.411;1815
2019-09-01;Hidráulica PCH;12734.0;1425.0;112.0;706.0;5186.162000000003;1436
2019-09-01;Térmica a Gás;0.0;0.0;0.0;0.0;19084.791;6349
2019-09-01;Térmica a Biomassa;0.0;0.0;0.0;0.0;12973.575000000006;4394
2019-09-01;Térmica - Outros;0.0;0.0;0.0;0.0;10035.2;347
2019-09-01;Térmica Nuclear;0.0;0.0;0.0;0.0;2007;1859
2019-09-01;Eólica;0.0;0.0;0.0;0.0;15290.524000000014;8291
2019-09-01;Térmica a GNL;0.0;0.0;0.0;0.0;204;194
2019-09-01;Solar Fotovoltaica;0.0;0.0;0.0;0.0;2243.9900000000002;657
2019-09-01;Térmica Reação Exotérmica;0.0;0.0;0.0;0.0;5;0
2019-10-01;Hidráulica;168339.0;177520.0;10130.0;9661.0;109869.5370000001;39612
2019-10-01;Térmica bi-Combustível - gás/óleo;0.0;0.0;0.0;0.0;2522.5069999999996;388
2019-10-01;Térmica a Óleo;0.0;0.0;0.0;0.0;4772.745;57
2019-10-01;Hidráulica CGH;538.0;84.0;4.0;20.0;344.5809999999999;89
2019-10-01;Térmica a Carvão Mineral;0.0;0.0;0.0;0.0;3463.411;1833
2019-10-01;Hidráulica PCH;11285.0;2546.0;202.0;651.0;5195.272000000003;1770
2019-10-01;Térmica a Gás;0.0;0.0;0.0;0.0;19084.791;6956
2019-10-01;Térmica a Biomassa;0.0;0.0;0.0;0.0;13040.875000000005;4409
2019-10-01;Térmica - Outros;0.0;0.0;0.0;0.0;10035.2;345
2019-10-01;Térmica Nuclear;0.0;0.0;0.0;0.0;2007;1801
2019-10-01;Eólica;0.0;0.0;0.0;0.0;15325.624000000014;8103
2019-10-01;Térmica a GNL;0.0;0.0;0.0;0.0;204;191
2019-10-01;Solar Fotovoltaica;0.0;0.0;0.0;0.0;2349.9900000000002;657
2019-10-01;Térmica Reação Exotérmica;0.0;0.0;0.0;0.0;5;0
2019-04-01;Hidráulica;169172.0;178901.0;11684.0;11078.0;109430.05700000009;48725
2019-04-01;Térmica bi-Combustível - gás/óleo;0.0;0.0;0.0;0.0;2522.5069999999996;450
2019-04-01;Térmica a Óleo;0.0;0.0;0.0;0.0;4913.905000000001;421
2019-04-01;Hidráulica CGH;686.0;94.0;5.0;37.0;313.46299999999997;142
2019-04-01;Térmica a Carvão Mineral;0.0;0.0;0.0;0.0;3118.411;1156
2019-04-01;Hidráulica PCH;11924.0;2771.0;216.0;781.0;5137.4720000000025;2919
2019-04-01;Térmica a Gás;0.0;0.0;0.0;0.0;19084.791;2476
2019-04-01;Térmica a Biomassa;0.0;0.0;0.0;0.0;12895.934000000005;2676
2019-04-01;Térmica - Outros;0.0;0.0;0.0;0.0;10035.2;412
2019-04-01;Térmica Nuclear;0.0;0.0;0.0;0.0;2007;1355
2019-04-01;Eólica;0.0;0.0;0.0;0.0;15066.849000000015;3588
2019-04-01;Térmica a GNL;0.0;0.0;0.0;0.0;204;193
2019-04-01;Solar Fotovoltaica;0.0;0.0;0.0;0.0;2147.2400000000002;476
2019-04-01;Térmica Reação Exotérmica;0.0;0.0;0.0;0.0;5;0
2019-05-01;Hidráulica;133345.0;136177.0;9771.0;9594.0;109430.05700000009;45389
2019-05-01;Térmica bi-Combustível - gás/óleo;0.0;0.0;0.0;0.0;2522.5069999999996;369
2019-05-01;Térmica a Óleo;0.0;0.0;0.0;0.0;4913.905000000001;217
2019-05-01;Hidráulica CGH;396.0;179.0;9.0;24.0;326.60699999999997;165
2019-05-01;Térmica a Carvão Mineral;0.0;0.0;0.0;0.0;3463.411;968
2019-05-01;Hidráulica PCH;7235.0;4626.0;363.0;519.0;5135.992000000002;2931
2019-05-01;Térmica a Gás;0.0;0.0;0.0;0.0;19084.791;2327
2019-05-01;Térmica a Biomassa;0.0;0.0;0.0;0.0;12907.122000000005;4055
2019-05-01;Térmica - Outros;0.0;0.0;0.0;0.0;10035.2;351
2019-05-01;Térmica Nuclear;0.0;0.0;0.0;0.0;2007;950
2019-05-01;Eólica;0.0;0.0;0.0;0.0;15112.249000000014;5188
2019-05-01;Térmica a GNL;0.0;0.0;0.0;0.0;204;191
2019-05-01;Solar Fotovoltaica;0.0;0.0;0.0;0.0;2147.2400000000002;477
2019-05-01;Térmica Reação Exotérmica;0.0;0.0;0.0;0.0;5;0
2019-11-01;Hidráulica;149521.0;152500.0;9071.0;8975.0;109864.93700000009;39865
2019-11-01;Térmica bi-Combustível - gás/óleo;0.0;0.0;0.0;0.0;2316.1569999999997;380
2019-11-01;Térmica a Óleo;0.0;0.0;0.0;0.0;4772.745;34
2019-11-01;Hidráulica CGH;306.0;215.0;7.0;10.0;356.17699999999996;143
2019-11-01;Térmica a Carvão Mineral;0.0;0.0;0.0;0.0;3463.411;1999
2019-11-01;Hidráulica PCH;7156.0;4259.0;340.0;429.0;5191.272000000003;2376
2019-11-01;Térmica a Gás;0.0;0.0;0.0;0.0;20374.421000000002;7023
2019-11-01;Térmica a Biomassa;0.0;0.0;0.0;0.0;13066.901000000003;3597
2019-11-01;Térmica - Outros;0.0;0.0;0.0;0.0;10035.2;526
2019-11-01;Térmica Nuclear;0.0;0.0;0.0;0.0;2007;1850
2019-11-01;Eólica;0.0;0.0;0.0;0.0;15356.809000000014;7201
2019-11-01;Térmica a GNL;0.0;0.0;0.0;0.0;204;192
2019-11-01;Solar Fotovoltaica;0.0;0.0;0.0;0.0;2540.3099999999995;625
2019-11-01;Térmica Reação Exotérmica;0.0;0.0;0.0;0.0;5;0
2019-07-01;Hidráulica;150208.0;155968.0;8731.0;8468.0;109834.1370000001;37394
2019-07-01;Térmica bi-Combustível - gás/óleo;0.0;0.0;0.0;0.0;2522.5069999999996;405
2019-07-01;Térmica a Óleo;0.0;0.0;0.0;0.0;4913.905000000001;15
2019-07-01;Hidráulica CGH;510.0;109.0;4.0;20.0;330.69499999999994;105
2019-07-01;Térmica a Carvão Mineral;0.0;0.0;0.0;0.0;3463.411;1837
2019-07-01;Hidráulica PCH;8138.0;2752.0;216.0;462.0;5137.912000000003;1902
2019-07-01;Térmica a Gás;0.0;0.0;0.0;0.0;19084.791;4601
2019-07-01;Térmica a Biomassa;0.0;0.0;0.0;0.0;12919.322000000006;4311
2019-07-01;Térmica - Outros;0.0;0.0;0.0;0.0;10035.2;338
2019-07-01;Térmica Nuclear;0.0;0.0;0.0;0.0;2007;1846
2019-07-01;Eólica;0.0;0.0;0.0;0.0;15138.249000000014;6897
2019-07-01;Térmica a GNL;0.0;0.0;0.0;0.0;204;192
2019-07-01;Solar Fotovoltaica;0.0;0.0;0.0;0.0;2234.8650000000002;518
2019-07-01;Térmica Reação Exotérmica;0.0;0.0;0.0;0.0;5;0
2019-12-01;Hidráulica;150201.0;154817.0;8933.0;8759.0;109898.50500000009;42288
2019-12-01;Térmica bi-Combustível - gás/óleo;0.0;0.0;0.0;0.0;2316.1569999999997;437
2019-12-01;Térmica a Óleo;0.0;0.0;0.0;0.0;4641.745;40
2019-12-01;Hidráulica CGH;453.0;124.0;8.0;16.0;361.49699999999996;122
2019-12-01;Térmica a Carvão Mineral;0.0;0.0;0.0;0.0;3463.411;1999
2019-12-01;Hidráulica PCH;8738.0;4451.0;344.0;505.0;5251.9720000000025;2588
2019-12-01;Térmica a Gás;0.0;0.0;0.0;0.0;20374.421000000002;5314
2019-12-01;Térmica a Biomassa;0.0;0.0;0.0;0.0;13090.901000000003;1842
2019-12-01;Térmica - Outros;0.0;0.0;0.0;0.0;10035.2;464
2019-12-01;Térmica Nuclear;0.0;0.0;0.0;0.0;2007;1823
2019-12-01;Eólica;0.0;0.0;0.0;0.0;15427.994000000013;6845
2019-12-01;Térmica a GNL;0.0;0.0;0.0;0.0;204;193
2019-12-01;Solar Fotovoltaica;0.0;0.0;0.0;0.0;2648.3099999999995;655
2019-12-01;Térmica Reação Exotérmica;0.0;0.0;0.0;0.0;5;0
2019-06-01;Hidráulica;124586.0;126941.0;8100.0;8029.0;109831.93700000009;40689
2019-06-01;Térmica bi-Combustível - gás/óleo;0.0;0.0;0.0;0.0;2522.5069999999996;438
2019-06-01;Térmica a Óleo;0.0;0.0;0.0;0.0;4913.905000000001;19
2019-06-01;Hidráulica CGH;351.0;179.0;8.0;11.0;328.18699999999995;143
2019-06-01;Térmica a Carvão Mineral;0.0;0.0;0.0;0.0;3463.411;505
2019-06-01;Hidráulica PCH;7218.0;3648.0;285.0;460.0;5139.992000000003;2361
2019-06-01;Térmica a Gás;0.0;0.0;0.0;0.0;19084.791;2533
2019-06-01;Térmica a Biomassa;0.0;0.0;0.0;0.0;12913.122000000005;4212
2019-06-01;Térmica - Outros;0.0;0.0;0.0;0.0;10035.2;375
2019-06-01;Térmica Nuclear;0.0;0.0;0.0;0.0;2007;1815
2019-06-01;Eólica;0.0;0.0;0.0;0.0;15122.249000000014;7136
2019-06-01;Térmica a GNL;0.0;0.0;0.0;0.0;204;194
2019-06-01;Solar Fotovoltaica;0.0;0.0;0.0;0.0;2153.8650000000002;492
2019-06-01;Térmica Reação Exotérmica;0.0;0.0;0.0;0.0;5;0
2019-02-01;Hidráulica;146704.0;156781.0;11034.0;10360.0;109430.05700000009;50777
2019-02-01;Térmica bi-Combustível - gás/óleo;0.0;0.0;0.0;0.0;2522.5069999999996;164
2019-02-01;Térmica a Óleo;0.0;0.0;0.0;0.0;4913.905000000001;452
2019-02-01;Hidráulica CGH;641.0;190.0;13.0;37.0;297.243;144
2019-02-01;Térmica a Carvão Mineral;0.0;0.0;0.0;0.0;3118.411;1191
2019-02-01;Hidráulica PCH;13864.0;4227.0;333.0;974.0;5116.422000000001;2794
2019-02-01;Térmica a Gás;0.0;0.0;0.0;0.0;19112.597;5586
2019-02-01;Térmica a Biomassa;0.0;0.0;0.0;0.0;12867.002000000002;945
2019-02-01;Térmica - Outros;0.0;0.0;0.0;0.0;8900.1;398
2019-02-01;Térmica Nuclear;0.0;0.0;0.0;0.0;2007;1819
2019-02-01;Eólica;0.0;0.0;0.0;0.0;14883.749000000014;3305
2019-02-01;Térmica a GNL;0.0;0.0;0.0;0.0;204;83
2019-02-01;Solar Fotovoltaica;0.0;0.0;0.0;0.0;2049.1200000000003;471
2019-02-01;Térmica Reação Exotérmica;0.0;0.0;0.0;0.0;5;0
2019-03-01;Hidráulica;184620.0;191371.0;12228.0;11876.0;109430.05700000009;49394
2019-03-01;Térmica bi-Combustível - gás/óleo;0.0;0.0;0.0;0.0;2522.5069999999996;191
2019-03-01;Térmica a Óleo;0.0;0.0;0.0;0.0;4913.905000000001;383
2019-03-01;Hidráulica CGH;670.0;119.0;5.0;38.0;305.36299999999994;161
2019-03-01;Térmica a Carvão Mineral;0.0;0.0;0.0;0.0;3118.411;1106
2019-03-01;Hidráulica PCH;11485.0;5280.0;413.0;730.0;5127.772000000002;3122
2019-03-01;Térmica a Gás;0.0;0.0;0.0;0.0;19084.791;3818
2019-03-01;Térmica a Biomassa;0.0;0.0;0.0;0.0;12891.788000000002;1329
2019-03-01;Térmica - Outros;0.0;0.0;0.0;0.0;10035.2;416
2019-03-01;Térmica Nuclear;0.0;0.0;0.0;0.0;2007;1578
2019-03-01;Eólica;0.0;0.0;0.0;0.0;15066.849000000015;3451
2019-03-01;Térmica a GNL;0.0;0.0;0.0;0.0;204;11
2019-03-01;Solar Fotovoltaica;0.0;0.0;0.0;0.0;2147.2400000000002;487
2019-03-01;Térmica Reação Exotérmica;0.0;0.0;0.0;0.0;5;0
2019-01-01;Hidráulica;156770.0;167854.0;10677.0;10047.0;109430.05700000009;53271
2019-01-01;Térmica bi-Combustível - gás/óleo;0.0;0.0;0.0;0.0;2522.5069999999996;135
2019-01-01;Térmica a Óleo;0.0;0.0;0.0;0.0;4913.905000000001;203
2019-01-01;Hidráulica CGH;800.0;221.0;16.0;40.0;300.24299999999994;138
2019-01-01;Térmica a Carvão Mineral;0.0;0.0;0.0;0.0;3118.411;516
2019-01-01;Hidráulica PCH;15254.0;4738.0;373.0;984.0;5075.908000000001;2799
2019-01-01;Térmica a Gás;0.0;0.0;0.0;0.0;19112.597;3364
2019-01-01;Térmica a Biomassa;0.0;0.0;0.0;0.0;12846.702000000003;764
2019-01-01;Térmica - Outros;0.0;0.0;0.0;0.0;4500.1;338
2019-01-01;Térmica Nuclear;0.0;0.0;0.0;0.0;2007;1746
2019-01-01;Eólica;0.0;0.0;0.0;0.0;14743.749000000014;5668
2019-01-01;Térmica a GNL;0.0;0.0;0.0;0.0;204;0
2019-01-01;Solar Fotovoltaica;0.0;0.0;0.0;0.0;1963.1200000000001;512
2019-01-01;Térmica Reação Exotérmica;0.0;0.0;0.0;0.0;5;0
