uf;mes;consumo
RO;2018-01-01;249348.71
AC;2018-01-01;81045.3
AM;2018-01-01;460127.57
RR;2018-01-01;76488.94
PA;2018-01-01;1684268.39
AP;2018-01-01;88957.6
TO;2018-01-01;172661.35
MA;2018-01-01;565404.02
PI;2018-01-01;287938.29
CE;2018-01-01;929186.24
RN;2018-01-01;496448
PB;2018-01-01;476007.14
PE;2018-01-01;1167829.48
AL;2018-01-01;363862.31
SE;2018-01-01;334457.71
BA;2018-01-01;2094036.95
MG;2018-01-01;4716736.49
ES;2018-01-01;859595
RJ;2018-01-01;3614646.14
SP;2018-01-01;10887386.83
PR;2018-01-01;2597921.55
SC;2018-01-01;2115002.66
RS;2018-01-01;2813700.11
MS;2018-01-01;493201.93
MT;2018-01-01;671485.76
GO;2018-01-01;1241869
DF;2018-01-01;515061.33
RO;2018-02-01;244861.02
AC;2018-02-01;79121.06
AM;2018-02-01;438587.67
RR;2018-02-01;79149.03
PA;2018-02-01;1559131.95
AP;2018-02-01;79556.21
TO;2018-02-01;170131.82
MA;2018-02-01;519875.35
PI;2018-02-01;261118.52
CE;2018-02-01;887547.08
RN;2018-02-01;461626
PB;2018-02-01;442042.85
PE;2018-02-01;1159521.5
AL;2018-02-01;304520.46
SE;2018-02-01;315118.99
BA;2018-02-01;2000892.39
MG;2018-02-01;4551118.03
ES;2018-02-01;842803
RJ;2018-02-01;3368689.17
SP;2018-02-01;10926989.39
PR;2018-02-01;2641220.21
SC;2018-02-01;2207483.07
RS;2018-02-01;2722823.25
MS;2018-02-01;486456.54
MT;2018-02-01;692541.57
GO;2018-02-01;1210057
DF;2018-02-01;516046.62
RO;2018-03-01;257309.3
AC;2018-03-01;76322.34
AM;2018-03-01;504913.95
RR;2018-03-01;82289.46
PA;2018-03-01;1680241.53
AP;2018-03-01;82247.92
TO;2018-03-01;185249.09
MA;2018-03-01;559924.13
PI;2018-03-01;272640.68
CE;2018-03-01;891237.8
RN;2018-03-01;482261
PB;2018-03-01;458712.22
PE;2018-03-01;1190835.25
AL;2018-03-01;322656.16
SE;2018-03-01;327619.58
BA;2018-03-01;2075772.38
MG;2018-03-01;4688540.46
ES;2018-03-01;932746
RJ;2018-03-01;3741054.91
SP;2018-03-01;11490611.56
PR;2018-03-01;2774410.42
SC;2018-03-01;2212759.61
RS;2018-03-01;2784789.03
MS;2018-03-01;514369.27
MT;2018-03-01;742591.42
GO;2018-03-01;1276484
DF;2018-03-01;498281.15
RO;2018-04-01;260804.27
AC;2018-04-01;74646.76
AM;2018-04-01;490246.23
RR;2018-04-01;84250.3
PA;2018-04-01;1503476.03
AP;2018-04-01;81706.76
TO;2018-04-01;184183.42
MA;2018-04-01;560141
PI;2018-04-01;270380.79
CE;2018-04-01;929001.26
RN;2018-04-01;461048
PB;2018-04-01;443056.49
PE;2018-04-01;1171049.07
AL;2018-04-01;411156.48
SE;2018-04-01;321357.47
BA;2018-04-01;2098355.73
MG;2018-04-01;4771308.41
ES;2018-04-01;840530
RJ;2018-04-01;3625511.55
SP;2018-04-01;11495435.81
PR;2018-04-01;2799802.75
SC;2018-04-01;2152420.65
RS;2018-04-01;2575168.67
MS;2018-04-01;527987.4
MT;2018-04-01;711946.02
GO;2018-04-01;1318174
DF;2018-04-01;531859.93
RO;2018-05-01;265516.69
AC;2018-05-01;81720.71
AM;2018-05-01;500161.02
RR;2018-05-01;73826.09
PA;2018-05-01;1461332.11
AP;2018-05-01;84407.2
TO;2018-05-01;199930.85
MA;2018-05-01;570332.83
PI;2018-05-01;277263.69
CE;2018-05-01;945059.07
RN;2018-05-01;446750
PB;2018-05-01;438020.31
PE;2018-05-01;1159272.15
AL;2018-05-01;410880.48
SE;2018-05-01;307917.72
BA;2018-05-01;2100432.84
MG;2018-05-01;4637059.05
ES;2018-05-01;820372
RJ;2018-05-01;3321233.68
SP;2018-05-01;10957759.08
PR;2018-05-01;2588553.55
SC;2018-05-01;2067675.22
RS;2018-05-01;2534037.9
MS;2018-05-01;498361.81
MT;2018-05-01;740429.72
GO;2018-05-01;1263527
DF;2018-05-01;511465.78
RO;2018-06-01;244356.78
AC;2018-06-01;76033.15
AM;2018-06-01;482612.81
RR;2018-06-01;70981.8
PA;2018-06-01;1425764.46
AP;2018-06-01;83401.86
TO;2018-06-01;200772.7
MA;2018-06-01;586892.31
PI;2018-06-01;292479.35
CE;2018-06-01;974875.78
RN;2018-06-01;453723
PB;2018-06-01;426783.87
PE;2018-06-01;1130063.85
AL;2018-06-01;389411.16
SE;2018-06-01;289027.36
BA;2018-06-01;2053311.19
MG;2018-06-01;4611536.75
ES;2018-06-01;790173
RJ;2018-06-01;3067867.36
SP;2018-06-01;10709582.93
PR;2018-06-01;2529852.26
SC;2018-06-01;1983290.67
RS;2018-06-01;2387729.93
MS;2018-06-01;433947.87
MT;2018-06-01;679850.33
GO;2018-06-01;1316031
DF;2018-06-01;512945.55
RO;2018-07-01;262378.81
AC;2018-07-01;79554.76
AM;2018-07-01;505174.57
RR;2018-07-01;67097.61
PA;2018-07-01;1465487.31
AP;2018-07-01;86686.82
TO;2018-07-01;192072.18
MA;2018-07-01;596580.15
PI;2018-07-01;273591.88
CE;2018-07-01;930143.16
RN;2018-07-01;438544
PB;2018-07-01;431977.58
PE;2018-07-01;1091636.63
AL;2018-07-01;415725.31
SE;2018-07-01;293250.36
BA;2018-07-01;2048945.15
MG;2018-07-01;4661887.55
ES;2018-07-01;805174
RJ;2018-07-01;3056282.49
SP;2018-07-01;10749434.64
PR;2018-07-01;2599183.2
SC;2018-07-01;2004847.58
RS;2018-07-01;2445925.15
MS;2018-07-01;441261
MT;2018-07-01;732467.72
GO;2018-07-01;1345905
DF;2018-07-01;486942.3
RO;2018-08-01;278297.25
AC;2018-08-01;80491.61
AM;2018-08-01;535617.28
RR;2018-08-01;78815.12
PA;2018-08-01;1416141.33
AP;2018-08-01;91249.03
TO;2018-08-01;208382.19
MA;2018-08-01;621139.38
PI;2018-08-01;315255.69
CE;2018-08-01;938638.36
RN;2018-08-01;465124
PB;2018-08-01;443853.7
PE;2018-08-01;1120616.71
AL;2018-08-01;391495.88
SE;2018-08-01;301574.99
BA;2018-08-01;2090199.01
MG;2018-08-01;4800722.01
ES;2018-08-01;857231
RJ;2018-08-01;3069855.24
SP;2018-08-01;10650379.12
PR;2018-08-01;2648910.82
SC;2018-08-01;2013143.58
RS;2018-08-01;2479534
MS;2018-08-01;456398.61
MT;2018-08-01;737807.82
GO;2018-08-01;1449005
DF;2018-08-01;508997.28
RO;2018-09-01;262416.35
AC;2018-09-01;85699.55
AM;2018-09-01;511131.42
RR;2018-09-01;76490.6
PA;2018-09-01;1449862.69
AP;2018-09-01;94993.53
TO;2018-09-01;208498.68
MA;2018-09-01;619887.64
PI;2018-09-01;326382.53
CE;2018-09-01;949722.26
RN;2018-09-01;478975
PB;2018-09-01;432359.81
PE;2018-09-01;1121092.38
AL;2018-09-01;390713.5
SE;2018-09-01;298990.26
BA;2018-09-01;2018557.88
MG;2018-09-01;4727227.35
ES;2018-09-01;829081
RJ;2018-09-01;2972127.55
SP;2018-09-01;11071282.27
PR;2018-09-01;2580034.82
SC;2018-09-01;1999158.95
RS;2018-09-01;2376142.5
MS;2018-09-01;430360.44
MT;2018-09-01;787125.88
GO;2018-09-01;1402386
DF;2018-09-01;538285.7
RO;2018-10-01;299252.74
AC;2018-10-01;90182.24
AM;2018-10-01;562722.72
RR;2018-10-01;93616.21
PA;2018-10-01;1471548.67
AP;2018-10-01;102241.22
TO;2018-10-01;208895.18
MA;2018-10-01;647507.34
PI;2018-10-01;338349.49
CE;2018-10-01;942582.8
RN;2018-10-01;501759
PB;2018-10-01;466866
PE;2018-10-01;1233056.32
AL;2018-10-01;443636.62
SE;2018-10-01;314482.33
BA;2018-10-01;2165217.83
MG;2018-10-01;4907742.78
ES;2018-10-01;856164
RJ;2018-10-01;3285041.11
SP;2018-10-01;11061220.93
PR;2018-10-01;2659986.19
SC;2018-10-01;2046060.29
RS;2018-10-01;2381208.94
MS;2018-10-01;488242.46
MT;2018-10-01;817026.52
GO;2018-10-01;1451999
DF;2018-10-01;557177.32
RO;2018-11-01;279293
AC;2018-11-01;93348.49
AM;2018-11-01;515469.95
RR;2018-11-01;87809.18
PA;2018-11-01;1458850.83
AP;2018-11-01;92954.94
TO;2018-11-01;195911.78
MA;2018-11-01;644882
PI;2018-11-01;335001.72
CE;2018-11-01;982043.55
RN;2018-11-01;516316
PB;2018-11-01;480609.65
PE;2018-11-01;1260062.43
AL;2018-11-01;438532.64
SE;2018-11-01;317122.13
BA;2018-11-01;2209672.08
MG;2018-11-01;4787556.85
ES;2018-11-01;876846
RJ;2018-11-01;3192127.6
SP;2018-11-01;11297898.22
PR;2018-11-01;2666667.22
SC;2018-11-01;2075635.68
RS;2018-11-01;2431205.17
MS;2018-11-01;498021.191
MT;2018-11-01;789603.99
GO;2018-11-01;1344431
DF;2018-11-01;539795.21
RO;2018-12-01;249342.16
AC;2018-12-01;80665.42
AM;2018-12-01;459660.43
RR;2018-12-01;74624.12
PA;2018-12-01;1454000.65
AP;2018-12-01;85275.1
TO;2018-12-01;181692.34
MA;2018-12-01;606664.78
PI;2018-12-01;157707.82
CE;2018-12-01;965405.16
RN;2018-12-01;499833
PB;2018-12-01;466491.31
PE;2018-12-01;1269813.48
AL;2018-12-01;426137.22
SE;2018-12-01;320103.72
BA;2018-12-01;2136708.62
MG;2018-12-01;4610334.69
ES;2018-12-01;889237
RJ;2018-12-01;3384892.98
SP;2018-12-01;11137050.02
PR;2018-12-01;2733270.21
SC;2018-12-01;2057988.81
RS;2018-12-01;2485723.6
MS;2018-12-01;496348.8
MT;2018-12-01;738774.54
GO;2018-12-01;1404295
DF;2018-12-01;502806.91
RO;2019-01-01;258933.83
AC;2019-01-01;87600.58
AM;2019-01-01;470117
RR;2019-01-01;78396.49
PA;2019-01-01;1399065.04
AP;2019-01-01;80626
TO;2019-01-01;188445.19
MA;2019-01-01;581643.86
PI;2019-01-01;271935.38
CE;2019-01-01;984199.15
RN;2019-01-01;504901
PB;2019-01-01;489002.2
PE;2019-01-01;1195509.41
AL;2019-01-01;435557
SE;2019-01-01;327813.79
BA;2019-01-01;2174958.84
MG;2019-01-01;4834920.64
ES;2019-01-01;897114.36
RJ;2019-01-01;3799432.93
SP;2019-01-01;11434469.57
PR;2019-01-01;2823330.12
SC;2019-01-01;2366933.02
RS;2019-01-01;2810371.92
MS;2019-01-01;546145.33
MT;2019-01-01;731321.28
GO;2019-01-01;1351944.44
DF;2019-01-01;522500
RO;2019-02-01;252680.1
AC;2019-02-01;79985.83
AM;2019-02-01;462127
RR;2019-02-01;75134.84
PA;2019-02-01;1286210.65
AP;2019-02-01;81200
TO;2019-02-01;184040.45
MA;2019-02-01;571802.37
PI;2019-02-01;277260.55
CE;2019-02-01;1040896.68
RN;2019-02-01;484333
PB;2019-02-01;457357.66
PE;2019-02-01;1179616.2
AL;2019-02-01;377864
SE;2019-02-01;309418.65
BA;2019-02-01;2122425.48
MG;2019-02-01;4627720.84
ES;2019-02-01;929908.91
RJ;2019-02-01;3535568.44
SP;2019-02-01;11491323.22
PR;2019-02-01;2846534.88
SC;2019-02-01;2428999.29
RS;2019-02-01;2855562.11
MS;2019-02-01;558347.3
MT;2019-02-01;741401.16
GO;2019-02-01;1361447.72
DF;2019-02-01;544833
RO;2019-03-01;254847.19
AC;2019-03-01;85525.32
AM;2019-03-01;507987
RR;2019-03-01;83627.41
PA;2019-03-01;1400696.56
AP;2019-03-01;79087
TO;2019-03-01;188820.17
MA;2019-03-01;580822.07
PI;2019-03-01;281084.95
CE;2019-03-01;974015.25
RN;2019-03-01;481420
PB;2019-03-01;466568.22
PE;2019-03-01;1267705.57
AL;2019-03-01;382951
SE;2019-03-01;315620.07
BA;2019-03-01;2299390.96
MG;2019-03-01;4691696.63
ES;2019-03-01;967885.82
RJ;2019-03-01;3649936.03
SP;2019-03-01;11316811.23
PR;2019-03-01;2776859.63
SC;2019-03-01;2264792.46
RS;2019-03-01;2725776.32
MS;2019-03-01;523157.86
MT;2019-03-01;761091.82
GO;2019-03-01;1311973.09
DF;2019-03-01;507842
RO;2019-04-01;260772.24
AC;2019-04-01;86770.46
AM;2019-04-01;511648
RR;2019-04-01;87274.18
PA;2019-04-01;1344664.34
AP;2019-04-01;81899
TO;2019-04-01;194781.16
MA;2019-04-01;572046.93
PI;2019-04-01;276726.2
CE;2019-04-01;956851.42
RN;2019-04-01;451083
PB;2019-04-01;470542.57
PE;2019-04-01;1216641.17
AL;2019-04-01;371636.8
SE;2019-04-01;312747.17
BA;2019-04-01;2145126.53
MG;2019-04-01;4613124.81
ES;2019-04-01;884073.98
RJ;2019-04-01;3309926.22
SP;2019-04-01;11020534.3
PR;2019-04-01;2763992.64
SC;2019-04-01;2198896
RS;2019-04-01;2507996.86
MS;2019-04-01;512853.67
MT;2019-04-01;757312.41
GO;2019-04-01;1300304.64
DF;2019-04-01;513168
RO;2019-05-01;268913.22
AC;2019-05-01;89633.32
AM;2019-05-01;516444
RR;2019-05-01;77105.38
PA;2019-05-01;1441994.94
AP;2019-05-01;87243
TO;2019-05-01;207409.2
MA;2019-05-01;611376.52
PI;2019-05-01;292790.46
CE;2019-05-01;1005254.76
RN;2019-05-01;474869
PB;2019-05-01;480249.82
PE;2019-05-01;1272314.45
AL;2019-05-01;343603
SE;2019-05-01;325235.48
BA;2019-05-01;2249368.7
MG;2019-05-01;4676584.81
ES;2019-05-01;900083.35
RJ;2019-05-01;3378074.34
SP;2019-05-01;11232260.05
PR;2019-05-01;2711983.66
SC;2019-05-01;2148278.85
RS;2019-05-01;2514618.88
MS;2019-05-01;506660.93
MT;2019-05-01;770619.2
GO;2019-05-01;1360496.75
DF;2019-05-01;537185
RO;2019-06-01;254185.22
AC;2019-06-01;93619.25
AM;2019-06-01;497996
RR;2019-06-01;65037.79
PA;2019-06-01;1515600.15
AP;2019-06-01;86965.71
TO;2019-06-01;206279.58
MA;2019-06-01;621587.39
PI;2019-06-01;296248.22
CE;2019-06-01;978449.59
RN;2019-06-01;468974
PB;2019-06-01;444183.55
PE;2019-06-01;1155220.92
AL;2019-06-01;280361.3
SE;2019-06-01;296119.77
BA;2019-06-01;2083293.63
MG;2019-06-01;4562744.5
ES;2019-06-01;840801.28
RJ;2019-06-01;3020415.67
SP;2019-06-01;10556818.1
PR;2019-06-01;2649566.29
SC;2019-06-01;2018530.18
RS;2019-06-01;2390237.45
MS;2019-06-01;454805.24
MT;2019-06-01;748311.92
GO;2019-06-01;1337363.42
DF;2019-06-01;517068
RO;2019-07-01;277543.95
AC;2019-07-01;90606.44
AM;2019-07-01;523630
RR;2019-07-01;73222.16
PA;2019-07-01;1555907.72
AP;2019-07-01;91928
TO;2019-07-01;207655.21
MA;2019-07-01;629702.94
PI;2019-07-01;298313.29
CE;2019-07-01;1002392.73
RN;2019-07-01;462536
PB;2019-07-01;445114.89
PE;2019-07-01;1164004.65
AL;2019-07-01;285085
SE;2019-07-01;287039.59
BA;2019-07-01;2097965.18
MG;2019-07-01;4604422.66
ES;2019-07-01;795168.95
RJ;2019-07-01;2930184.17
SP;2019-07-01;10369811.74
PR;2019-07-01;2685274.01
SC;2019-07-01;2020747.27
RS;2019-07-01;2375163.51
MS;2019-07-01;455605.63
MT;2019-07-01;777471.04
GO;2019-07-01;1351421.88
DF;2019-07-01;488000
RO;2019-08-01;275256.9
AC;2019-08-01;86074.22
AM;2019-08-01;554366
RR;2019-08-01;71494.29
PA;2019-08-01;1595261.46
AP;2019-08-01;94156
TO;2019-08-01;204606.86
MA;2019-08-01;645994.23
PI;2019-08-01;303774.17
CE;2019-08-01;979548
RN;2019-08-01;467479
PB;2019-08-01;433351.54
PE;2019-08-01;1129232.26
AL;2019-08-01;292195
SE;2019-08-01;286434.969
BA;2019-08-01;2007274.4
MG;2019-08-01;4653787.13
ES;2019-08-01;836492.87
RJ;2019-08-01;2956017.08
SP;2019-08-01;10453847.49
PR;2019-08-01;2661877.47
SC;2019-08-01;2090980.45
RS;2019-08-01;2417116.44
MS;2019-08-01;469432.95
MT;2019-08-01;795043.85
GO;2019-08-01;1370533.81
DF;2019-08-01;509917
RO;2019-09-01;304632.35
AC;2019-09-01;99064.02
AM;2019-09-01;526283
RR;2019-09-01;77278.34
PA;2019-09-01;1604474.21
AP;2019-09-01;100883
TO;2019-09-01;225410.84
MA;2019-09-01;660274.22
PI;2019-09-01;322073.29
CE;2019-09-01;1027544.43
RN;2019-09-01;470227
PB;2019-09-01;443848.43
PE;2019-09-01;1114402.44
AL;2019-09-01;303692
SE;2019-09-01;294894.8
BA;2019-09-01;1996430.63
MG;2019-09-01;4648202.52
ES;2019-09-01;853045.37
RJ;2019-09-01;2969825.45
SP;2019-09-01;10820948.91
PR;2019-09-01;2642202.351
SC;2019-09-01;2055544.08
RS;2019-09-01;2334206.2
MS;2019-09-01;497619.92
MT;2019-09-01;876336.48
GO;2019-09-01;1462048.11
DF;2019-09-01;530797
RO;2019-10-01;280828.25
AC;2019-10-01;93099.09
AM;2019-10-01;521774
RR;2019-10-01;83318.53
PA;2019-10-01;1672557.38
AP;2019-10-01;98678
TO;2019-10-01;215075.67
MA;2019-10-01;665020.21
PI;2019-10-01;338106.34
CE;2019-10-01;1047135.23
RN;2019-10-01;503111
PB;2019-10-01;474596.39
PE;2019-10-01;1260933.39
AL;2019-10-01;333298
SE;2019-10-01;306282.01
BA;2019-10-01;2209881.64
MG;2019-10-01;4687749.19
ES;2019-10-01;841266.69
RJ;2019-10-01;3163290.71
SP;2019-10-01;11478577.71
PR;2019-10-01;2814967.1
SC;2019-10-01;2143027.87
RS;2019-10-01;2388739.12
MS;2019-10-01;529217.33
MT;2019-10-01;859615.07
GO;2019-10-01;1510877.99
DF;2019-10-01;546755
RO;2019-11-01;274057.44
AC;2019-11-01;96031.43
AM;2019-11-01;533501
RR;2019-11-01;80665.58
PA;2019-11-01;1646372.12
AP;2019-11-01;98549
TO;2019-11-01;196255.23
MA;2019-11-01;677006.47
PI;2019-11-01;370183.3
CE;2019-11-01;1129965.62
RN;2019-11-01;507230
PB;2019-11-01;483570.29
PE;2019-11-01;1265412.35
AL;2019-11-01;352297
SE;2019-11-01;317830.89
BA;2019-11-01;2220143.67
MG;2019-11-01;4793789.3
ES;2019-11-01;867730.06
RJ;2019-11-01;3347955.7
SP;2019-11-01;11613563.83
PR;2019-11-01;2829198.37
SC;2019-11-01;2206721.65
RS;2019-11-01;2484909.93
MS;2019-11-01;553855.91
MT;2019-11-01;832511.65
GO;2019-11-01;1432740.68
DF;2019-11-01;580425
RO;2019-12-01;284963.89
AC;2019-12-01;92982.32
AM;2019-12-01;516102
RR;2019-12-01;79534.81
PA;2019-12-01;1728872.84
AP;2019-12-01;92991.03
TO;2019-12-01;199305.82
MA;2019-12-01;693977.53
PI;2019-12-01;335365.03
CE;2019-12-01;1153699.53
RN;2019-12-01;512444
PB;2019-12-01;498275.26
PE;2019-12-01;1334160.06
AL;2019-12-01;369786
SE;2019-12-01;325548.39
BA;2019-12-01;2313488.03
MG;2019-12-01;4501611.91
ES;2019-12-01;849231.17
RJ;2019-12-01;3182884.02
SP;2019-12-01;11059424.08
PR;2019-12-01;2718845.22
SC;2019-12-01;2127307.63
RS;2019-12-01;2620849.55
MS;2019-12-01;534368.12
MT;2019-12-01;807016.7
GO;2019-12-01;1351971.88
DF;2019-12-01;516891
RO;2020-01-01;261824.62
AC;2020-01-01;88606.36
AM;2020-01-01;524796.44
RR;2020-01-01;81193.98
PA;2020-01-01;1662168.61
AP;2020-01-01;89893.94
TO;2020-01-01;186041.61
MA;2020-01-01;602214.12
PI;2020-01-01;306315.13
CE;2020-01-01;1075696.85
RN;2020-01-01;511867
PB;2020-01-01;496090.9
PE;2020-01-01;1223831.4
AL;2020-01-01;363840.16
SE;2020-01-01;322040.93
BA;2020-01-01;2220478.93
MG;2020-01-01;4708762.18
ES;2020-01-01;816331.99
RJ;2020-01-01;3563646.33
SP;2020-01-01;11068761.68
PR;2020-01-01;2784091.7501
SC;2020-01-01;2358135.86
RS;2020-01-01;2838248.16
MS;2020-01-01;525224.7
MT;2020-01-01;754832.47
GO;2020-01-01;1359704.91
DF;2020-01-01;534565
RO;2020-02-01;279572.74
AC;2020-02-01;95495.76
AM;2020-02-01;523376.94
RR;2020-02-01;77622.38
PA;2020-02-01;1584586.33
AP;2020-02-01;84731.9
TO;2020-02-01;190660.62
MA;2020-02-01;580290.54
PI;2020-02-01;283533.86
CE;2020-02-01;974261.73
RN;2020-02-01;476077
PB;2020-02-01;495737.7
PE;2020-02-01;1198410.97
AL;2020-02-01;346822.52
SE;2020-02-01;326873.88
BA;2020-02-01;2126194.77
MG;2020-02-01;4585062.95
ES;2020-02-01;842430.27
RJ;2020-02-01;3467969.15
SP;2020-02-01;11098978.03
PR;2020-02-01;2876365.47
SC;2020-02-01;2447663.95
RS;2020-02-01;2796166.97
MS;2020-02-01;557531.15
MT;2020-02-01;797215.18
GO;2020-02-01;1335387.11
DF;2020-02-01;515119
RO;2020-03-01;267371.39
AC;2020-03-01;94487.86
AM;2020-03-01;537167.13
RR;2020-03-01;90509.49
PA;2020-03-01;1547775.52
AP;2020-03-01;85880.01
TO;2020-03-01;192092.78
MA;2020-03-01;591806.91
PI;2020-03-01;283979.43
CE;2020-03-01;957892.67
RN;2020-03-01;490671
PB;2020-03-01;487189.61
PE;2020-03-01;1273389.95
AL;2020-03-01;342567.35
SE;2020-03-01;326673.5
BA;2020-03-01;2175761.08
MG;2020-03-01;4667379.97
ES;2020-03-01;886188.71
RJ;2020-03-01;3457625.7
SP;2020-03-01;11209896.66
PR;2020-03-01;2870450.589
SC;2020-03-01;2268806.86
RS;2020-03-01;2811156.12
MS;2020-03-01;570017.18
MT;2020-03-01;806474.79
GO;2020-03-01;1331066.76
DF;2020-03-01;514340
RO;2020-04-01;258342.69
AC;2020-04-01;86016.38
AM;2020-04-01;426645.19
RR;2020-04-01;80798.44
PA;2020-04-01;1505146.3
AP;2020-04-01;81658.67
TO;2020-04-01;191242.73
MA;2020-04-01;594251.22
PI;2020-04-01;272757.09
CE;2020-04-01;864466.05
RN;2020-04-01;448785
PB;2020-04-01;441137.4
PE;2020-04-01;1155340.39
AL;2020-04-01;305528.36
SE;2020-04-01;283494.5
BA;2020-04-01;1996944.7
MG;2020-04-01;4332063.31
ES;2020-04-01;772442.48
RJ;2020-04-01;2910749.32
SP;2020-04-01;10049424.75
PR;2020-04-01;2588180.74
SC;2020-04-01;2040335.28
RS;2020-04-01;2452791.45
MS;2020-04-01;523702.6
MT;2020-04-01;768116.15
GO;2020-04-01;1327202.67
DF;2020-04-01;506490
RO;2020-05-01;261114.48
AC;2020-05-01;81074.84
AM;2020-05-01;442029.68
RR;2020-05-01;73349.64
PA;2020-05-01;1517861.72
AP;2020-05-01;82043.64
TO;2020-05-01;199240.05
MA;2020-05-01;606835.09
PI;2020-05-01;278661.01
CE;2020-05-01;883507.45
RN;2020-05-01;440327
PB;2020-05-01;441060.83
PE;2020-05-01;1146723.49
AL;2020-05-01;298573.53
SE;2020-05-01;295797.01
BA;2020-05-01;1965223.6
MG;2020-05-01;4348680.28
ES;2020-05-01;766204.76
RJ;2020-05-01;2811955.18
SP;2020-05-01;9451274.92
PR;2020-05-01;2538501.06
SC;2020-05-01;1921807.3401
RS;2020-05-01;2211861.74
MS;2020-05-01;482955.34
MT;2020-05-01;764911.29
GO;2020-05-01;1321664.57
DF;2020-05-01;490996
RO;2020-06-01;246812.26
AC;2020-06-01;80542.61
AM;2020-06-01;487377.47
RR;2020-06-01;71887.83
PA;2020-06-01;1535644.45
AP;2020-06-01;84217.06
TO;2020-06-01;202434.6
MA;2020-06-01;638881.49
PI;2020-06-01;284694.33
CE;2020-06-01;920802
RN;2020-06-01;424875
PB;2020-06-01;389368.29
PE;2020-06-01;1066854.22
AL;2020-06-01;299552.33
SE;2020-06-01;274455.75
BA;2020-06-01;1935090.22
MG;2020-06-01;4265841.47
ES;2020-06-01;755058.81
RJ;2020-06-01;2739827.4
SP;2020-06-01;9555173.65
PR;2020-06-01;2494407.35
SC;2020-06-01;1935097.53
RS;2020-06-01;2136854.91
MS;2020-06-01;442767.28
MT;2020-06-01;724104.13
GO;2020-06-01;1310533.84
DF;2020-06-01;465894
RO;2020-07-01;271912.02
AC;2020-07-01;81325.71
AM;2020-07-01;540538.98
RR;2020-07-01;74521.78
PA;2020-07-01;1637341.05
AP;2020-07-01;84584.79
TO;2020-07-01;208110.98
MA;2020-07-01;650860.94
PI;2020-07-01;296327.15
CE;2020-07-01;951198.43
RN;2020-07-01;442741
PB;2020-07-01;429710.97
PE;2020-07-01;1133297.4
AL;2020-07-01;299379.76
SE;2020-07-01;272708.11
BA;2020-07-01;2053476.64
MG;2020-07-01;4541210.7
ES;2020-07-01;787970.94
RJ;2020-07-01;2845924.9
SP;2020-07-01;10206009.47
PR;2020-07-01;2587339.909
SC;2020-07-01;2072794.4
RS;2020-07-01;2319296.25
MS;2020-07-01;463641.42
MT;2020-07-01;798764.84
GO;2020-07-01;1338281.59
DF;2020-07-01;480029
RO;2020-08-01;289946.1
AC;2020-08-01;92588.1
AM;2020-08-01;556146.69
RR;2020-08-01;74453.16
PA;2020-08-01;1731849.69
AP;2020-08-01;85797.45
TO;2020-08-01;204579.56
MA;2020-08-01;660576.48
PI;2020-08-01;300642.88
CE;2020-08-01;998159.75
RN;2020-08-01;458019
PB;2020-08-01;441804.11
PE;2020-08-01;1134346.55
AL;2020-08-01;292009.35
SE;2020-08-01;282656.99
BA;2020-08-01;1953518.58
MG;2020-08-01;4832243.72
ES;2020-08-01;812456.35
RJ;2020-08-01;2960415.6
SP;2020-08-01;10719591.76
PR;2020-08-01;2652281.55
SC;2020-08-01;2095289.48
RS;2020-08-01;2362432.56
MS;2020-08-01;510784.15
MT;2020-08-01;800466.22
GO;2020-08-01;1425546.07
DF;2020-08-01;513624
RO;2020-09-01;312238.1
AC;2020-09-01;101308.8
AM;2020-09-01;562477.42
RR;2020-09-01;85026.95
PA;2020-09-01;1717543.09
AP;2020-09-01;82885.98
TO;2020-09-01;223879.37
MA;2020-09-01;677302.29
PI;2020-09-01;325854.32
CE;2020-09-01;1033608.84
RN;2020-09-01;485122
PB;2020-09-01;459410
PE;2020-09-01;1160147.1
AL;2020-09-01;307649.12
SE;2020-09-01;296041.099
BA;2020-09-01;2078040.26
MG;2020-09-01;4701370
ES;2020-09-01;864449.44
RJ;2020-09-01;3112446.67
SP;2020-09-01;11106811.28
PR;2020-09-01;2742618.21
SC;2020-09-01;2204852.26
RS;2020-09-01;2316033.02
MS;2020-09-01;538895.51
MT;2020-09-01;866830.55
GO;2020-09-01;1469360.97
DF;2020-09-01;520167
RO;2020-10-01;317105.48
AC;2020-10-01;100665.55
AM;2020-10-01;560716.83
RR;2020-10-01;90363.53
PA;2020-10-01;1770336.09
AP;2020-10-01;88241.94
TO;2020-10-01;232692.94
MA;2020-10-01;726073.31
PI;2020-10-01;357002.56
CE;2020-10-01;1141902.17
RN;2020-10-01;502056
PB;2020-10-01;493956.69
PE;2020-10-01;1243890.03
AL;2020-10-01;334010.82
SE;2020-10-01;314489.67
BA;2020-10-01;2251744.47
MG;2020-10-01;5240759.31
ES;2020-10-01;852071.55
RJ;2020-10-01;3393962.65
SP;2020-10-01;11737613.12
PR;2020-10-01;2906001.41
SC;2020-10-01;2254611.86
RS;2020-10-01;2358808.04
MS;2020-10-01;566296.361
MT;2020-10-01;947157.71
GO;2020-10-01;1575476.41
DF;2020-10-01;565608
RO;2020-11-01;296981.39
AC;2020-11-01;100460.14
AM;2020-11-01;537850.22
RR;2020-11-01;86429.49
PA;2020-11-01;1695856.67
AP;2020-11-01;83376
TO;2020-11-01;206750.14
MA;2020-11-01;699673.58
PI;2020-11-01;352938.64
CE;2020-11-01;1054110.92
RN;2020-11-01;482090
PB;2020-11-01;512327.19
PE;2020-11-01;1213289.58
AL;2020-11-01;378960.96
SE;2020-11-01;319713.55
BA;2020-11-01;1996711.37
MG;2020-11-01;4857917.98
ES;2020-11-01;846478.46
RJ;2020-11-01;3254219.37
SP;2020-11-01;11418747.6
PR;2020-11-01;2880129.8
SC;2020-11-01;2282239.4699
RS;2020-11-01;2454481.24
MS;2020-11-01;525311.68
MT;2020-11-01;904893.09
GO;2020-11-01;1444323.26
DF;2020-11-01;544432
RO;2020-12-01;324405.76
AC;2020-12-01;99997.85
AM;2020-12-01;509005.12
RR;2020-12-01;89148.09
PA;2020-12-01;1668212.47
AP;2020-12-01;85506.56
TO;2020-12-01;215475.84
MA;2020-12-01;688993.03
PI;2020-12-01;356743.7
CE;2020-12-01;1092362.71
RN;2020-12-01;475494
PB;2020-12-01;510081.98
PE;2020-12-01;1203361
AL;2020-12-01;379312.78
SE;2020-12-01;327218.81
BA;2020-12-01;2072111.29
MG;2020-12-01;4694334.8
ES;2020-12-01;911064.68
RJ;2020-12-01;3599914.95
SP;2020-12-01;11602166.41
PR;2020-12-01;2946795.19
SC;2020-12-01;2333256.5
RS;2020-12-01;2562842.02
MS;2020-12-01;563670.72
MT;2020-12-01;866205.77
GO;2020-12-01;1465461.5
DF;2020-12-01;518259
RO;2021-01-01;251933.01
AC;2021-01-01;93243.23
AM;2021-01-01;460429
RR;2021-01-01;79505.98
PA;2021-01-01;1707784.6
AP;2021-01-01;88272.02
TO;2021-01-01;192072.93
MA;2021-01-01;641048.47
PI;2021-01-01;325941.56
CE;2021-01-01;1077450.75
RN;2021-01-01;535677
PB;2021-01-01;507812.41
PE;2021-01-01;1317871
AL;2021-01-01;370294.26
SE;2021-01-01;326570.24
BA;2021-01-01;2308678.01
MG;2021-01-01;5109304.23
ES;2021-01-01;904603.39
RJ;2021-01-01;3511320.5
SP;2021-01-01;11915821.32
PR;2021-01-01;2954564.72
SC;2021-01-01;2328407.78
RS;2021-01-01;2834285.55
MS;2021-01-01;557996.82
MT;2021-01-01;749462.49
GO;2021-01-01;1355766.11
DF;2021-01-01;522106
RO;2021-02-01;252583.34
AC;2021-02-01;86350.66
AM;2021-02-01;429324
RR;2021-02-01;79350.61
PA;2021-02-01;1618425.65
AP;2021-02-01;96329.99
TO;2021-02-01;194402.77
MA;2021-02-01;612299.02
PI;2021-02-01;292132.5
CE;2021-02-01;1030049.55
RN;2021-02-01;507088
PB;2021-02-01;492508.87
PE;2021-02-01;1240774.15
AL;2021-02-01;370730.54
SE;2021-02-01;314869.43
BA;2021-02-01;2174669.85
MG;2021-02-01;4734986.76
ES;2021-02-01;834255.88
RJ;2021-02-01;3452740.24
SP;2021-02-01;11490359.24
PR;2021-02-01;2844204.35
SC;2021-02-01;2389289.7
RS;2021-02-01;2738598.33
MS;2021-02-01;517316.4
MT;2021-02-01;791542.17
GO;2021-02-01;1352800.39
DF;2021-02-01;510621
RO;2021-03-01;250909.58
AC;2021-03-01;84782.6
AM;2021-03-01;480872
RR;2021-03-01;78648.93
PA;2021-03-01;1723528.92
AP;2021-03-01;88836.01
TO;2021-03-01;183872.79
MA;2021-03-01;614322.38
PI;2021-03-01;300388.45
CE;2021-03-01;1010326.25
RN;2021-03-01;510391
PB;2021-03-01;504484.4
PE;2021-03-01;1310438.59
AL;2021-03-01;422550.65
SE;2021-03-01;344441.28
BA;2021-03-01;2222090.41
MG;2021-03-01;5061234.35
ES;2021-03-01;867881.31
RJ;2021-03-01;3583540.33
SP;2021-03-01;12419110.431
PR;2021-03-01;3026015.63
SC;2021-03-01;2532555.64
RS;2021-03-01;2699319.1
MS;2021-03-01;563738.18
MT;2021-03-01;827515.75
GO;2021-03-01;1373967.23
DF;2021-03-01;512901
RO;2021-04-01;275481.23
AC;2021-04-01;86435.69
AM;2021-04-01;500805
RR;2021-04-01;86793.2
PA;2021-04-01;1730329.35
AP;2021-04-01;94260.01
TO;2021-04-01;212713.3
MA;2021-04-01;623698.12
PI;2021-04-01;307187.19
CE;2021-04-01;1026553.08
RN;2021-04-01;502849
PB;2021-04-01;491720.05
PE;2021-04-01;1296626.15
AL;2021-04-01;384516.47
SE;2021-04-01;335156.85
BA;2021-04-01;2229399.72
MG;2021-04-01;5087759.83
ES;2021-04-01;833919.32
RJ;2021-04-01;3404422.8
SP;2021-04-01;11682157.83
PR;2021-04-01;2963862.75
SC;2021-04-01;2454124.45
RS;2021-04-01;2696947.12
MS;2021-04-01;575987.99
MT;2021-04-01;758897.21
GO;2021-04-01;1415077.06
DF;2021-04-01;538323
RO;2021-05-01;276388.13
AC;2021-05-01;82508.51
AM;2021-05-01;516451
RR;2021-05-01;78872.8
PA;2021-05-01;1797736.67
AP;2021-05-01;88664.99
TO;2021-05-01;212446.72
MA;2021-05-01;634273.83
PI;2021-05-01;320128.77
CE;2021-05-01;1020142.49
RN;2021-05-01;465583
PB;2021-05-01;471318.34
PE;2021-05-01;1223606.23
AL;2021-05-01;395339.98
SE;2021-05-01;319752.9
BA;2021-05-01;2116260.59
MG;2021-05-01;5026528.06
ES;2021-05-01;839100.89
RJ;2021-05-01;3097000.3
SP;2021-05-01;10940040.99
PR;2021-05-01;2814562.4
SC;2021-05-01;2249071.04
RS;2021-05-01;2516268.32
MS;2021-05-01;510356.65
MT;2021-05-01;771687.25
GO;2021-05-01;1422651.63
DF;2021-05-01;518947
RO;2021-06-01;276876.66
AC;2021-06-01;91990.02
AM;2021-06-01;516429.3
RR;2021-06-01;79367.2
PA;2021-06-01;1764999.53
AP;2021-06-01;93446
TO;2021-06-01;220840.66
MA;2021-06-01;660356.35
PI;2021-06-01;332988.13
CE;2021-06-01;1067712.77
RN;2021-06-01;484080
PB;2021-06-01;456773.69
PE;2021-06-01;1202780.12
AL;2021-06-01;346058.04
SE;2021-06-01;302275.62
BA;2021-06-01;2133412.84
MG;2021-06-01;4994938.86
ES;2021-06-01;852582.98
RJ;2021-06-01;2974093.27
SP;2021-06-01;10868174.94
PR;2021-06-01;2734025.89
SC;2021-06-01;2213764.76
RS;2021-06-01;2382672.3
MS;2021-06-01;488699.02
MT;2021-06-01;805581.19
GO;2021-06-01;1479913.9
DF;2021-06-01;534134
RO;2021-07-01;269289.67
AC;2021-07-01;80268.51
AM;2021-07-01;518701.14
RR;2021-07-01;82118.97
PA;2021-07-01;1774992.55
AP;2021-07-01;91576.01
TO;2021-07-01;217246.29
MA;2021-07-01;695640.94
PI;2021-07-01;333393.82
CE;2021-07-01;1027161.86
RN;2021-07-01;486327
PB;2021-07-01;471037.23
PE;2021-07-01;1185446.13
AL;2021-07-01;343629.29
SE;2021-07-01;311283.88
BA;2021-07-01;2131956.08
MG;2021-07-01;4985129.64
ES;2021-07-01;835383.67
RJ;2021-07-01;2844570.14
SP;2021-07-01;10804166.769
PR;2021-07-01;2761628.831
SC;2021-07-01;2281867
RS;2021-07-01;2428787.98
MS;2021-07-01;467458.91
MT;2021-07-01;775535.52
GO;2021-07-01;1417019.27
DF;2021-07-01;501521
RO;2021-08-01;295606.61
AC;2021-08-01;91211.92
AM;2021-08-01;560314.84
RR;2021-08-01;83746.93
PA;2021-08-01;1792355.62
AP;2021-08-01;101021
TO;2021-08-01;220621.03
MA;2021-08-01;710540.37
PI;2021-08-01;340994.97
CE;2021-08-01;1084440.08
RN;2021-08-01;489419
PB;2021-08-01;473641.36
PE;2021-08-01;1214305.02
AL;2021-08-01;371393.12
SE;2021-08-01;309553.38
BA;2021-08-01;2107448.24
MG;2021-08-01;5107975.88
ES;2021-08-01;819953.97
RJ;2021-08-01;2916071.95
SP;2021-08-01;10899292.381
PR;2021-08-01;2844409.029
SC;2021-08-01;2308017.38
RS;2021-08-01;2459378.95
MS;2021-08-01;483552.6
MT;2021-08-01;827059.13
GO;2021-08-01;1397757.98
DF;2021-08-01;531618
RO;2021-09-01;308915.78
AC;2021-09-01;103203.22
AM;2021-09-01;563738.49
RR;2021-09-01;95028.78
PA;2021-09-01;1768771.25
AP;2021-09-01;102871.02
TO;2021-09-01;229839.43
MA;2021-09-01;737062.78
PI;2021-09-01;361856.1
CE;2021-09-01;1104472.25
RN;2021-09-01;498197
PB;2021-09-01;477189.28
PE;2021-09-01;1215559.53
AL;2021-09-01;393964.88
SE;2021-09-01;315015.79
BA;2021-09-01;2078646.31
MG;2021-09-01;5116228.4
ES;2021-09-01;853146.33
RJ;2021-09-01;3106544.38
SP;2021-09-01;11530503.43
PR;2021-09-01;2817034.02
SC;2021-09-01;2259320.19
RS;2021-09-01;2272740.11
MS;2021-09-01;542711.06
MT;2021-09-01;912263.68
GO;2021-09-01;1557673.56
DF;2021-09-01;563586
RO;2021-10-01;312595.51
AC;2021-10-01;106137.94
AM;2021-10-01;562715.75
RR;2021-10-01;96460.69
PA;2021-10-01;1796327.97
AP;2021-10-01;101637.04
TO;2021-10-01;225903.33
MA;2021-10-01;747444.84
PI;2021-10-01;355231.09
CE;2021-10-01;1123437
RN;2021-10-01;506332
PB;2021-10-01;500605.36
PE;2021-10-01;1317791.71
AL;2021-10-01;392822.27
SE;2021-10-01;324440.06
BA;2021-10-01;2263469.96
MG;2021-10-01;5200977.69
ES;2021-10-01;903708.18
RJ;2021-10-01;3077992.19
SP;2021-10-01;11536110.38
PR;2021-10-01;2894959.381
SC;2021-10-01;2243840.8
RS;2021-10-01;2308305.67
MS;2021-10-01;543038.07
MT;2021-10-01;905861.18
GO;2021-10-01;1594169.08
DF;2021-10-01;568608
RO;2021-11-01;292503.27
AC;2021-11-01;94749.88
AM;2021-11-01;555614.72
RR;2021-11-01;100007.22
PA;2021-11-01;1804435.39
AP;2021-11-01;103447.88
TO;2021-11-01;210314.43
MA;2021-11-01;732898.12
PI;2021-11-01;342779.88
CE;2021-11-01;1129333.29
RN;2021-11-01;519893
PB;2021-11-01;503351.79
PE;2021-11-01;1316856.53
AL;2021-11-01;391537.22
SE;2021-11-01;324245.74
BA;2021-11-01;2215322.76
MG;2021-11-01;4998163.96
ES;2021-11-01;820268.6
RJ;2021-11-01;3061525.52
SP;2021-11-01;11298830.71
PR;2021-11-01;2882110.251
SC;2021-11-01;2300041.28
RS;2021-11-01;2429302.85
MS;2021-11-01;531198.18
MT;2021-11-01;823229.59
GO;2021-11-01;1476136.08
DF;2021-11-01;544758
RO;2021-12-01;296180.92
AC;2021-12-01;94266.25
AM;2021-12-01;522545.08
RR;2021-12-01;95919.7
PA;2021-12-01;1856533.41
AP;2021-12-01;89648.11
TO;2021-12-01;204081.93
MA;2021-12-01;737343.11
PI;2021-12-01;348499.66
CE;2021-12-01;1171644
RN;2021-12-01;532188
PB;2021-12-01;530933.39
PE;2021-12-01;1370287.45
AL;2021-12-01;451873.46
SE;2021-12-01;346052.84
BA;2021-12-01;2217221.04
MG;2021-12-01;4950735.51
ES;2021-12-01;829907.04
RJ;2021-12-01;3216642.4
SP;2021-12-01;11672568.41
PR;2021-12-01;2981306.13
SC;2021-12-01;2324239.06
RS;2021-12-01;2590763.59
MS;2021-12-01;559317.79
MT;2021-12-01;821405.46
GO;2021-12-01;1481524.73
DF;2021-12-01;559551
RO;2022-01-01;283800.24
AC;2022-01-01;93952.24
AM;2022-01-01;518473
RR;2022-01-01;91959.08
PA;2022-01-01;1768359.08
AP;2022-01-01;83935.18
TO;2022-01-01;187072.54
MA;2022-01-01;659935.17
PI;2022-01-01;309774
CE;2022-01-01;1078653.46
RN;2022-01-01;526677
PB;2022-01-01;494878.82
PE;2022-01-01;1302545.96
AL;2022-01-01;430751.33
SE;2022-01-01;327439.55
BA;2022-01-01;2127313.19
MG;2022-01-01;4956469.61
ES;2022-01-01;866794.53
RJ;2022-01-01;3296394.24
SP;2022-01-01;11398052
PR;2022-01-01;3068278.33
SC;2022-01-01;2548901.66
RS;2022-01-01;2893846.09
MS;2022-01-01;573050.2
MT;2022-01-01;768706.98
GO;2022-01-01;1385565.2
DF;2022-01-01;524024.17
RO;2022-02-01;259063.74
AC;2022-02-01;87025.49
AM;2022-02-01;500014
RR;2022-02-01;94379.81
PA;2022-02-01;1572270.98
AP;2022-02-01;73247.24
TO;2022-02-01;184549.15
MA;2022-02-01;614653.13
PI;2022-02-01;291533
CE;2022-02-01;1014023.48
RN;2022-02-01;474401
PB;2022-02-01;462938.88
PE;2022-02-01;1266784.04
AL;2022-02-01;436150.74
SE;2022-02-01;329875.88
BA;2022-02-01;2088174.61
MG;2022-02-01;4643783.18
ES;2022-02-01;877035.71
RJ;2022-02-01;3572265.98
SP;2022-02-01;11336954.33
PR;2022-02-01;3121399.7
SC;2022-02-01;2587952.71
RS;2022-02-01;2844458.71
MS;2022-02-01;555124.23
MT;2022-02-01;749861.59
GO;2022-02-01;1378542.42
DF;2022-02-01;513025.02
RO;2022-03-01;290442.45
AC;2022-03-01;89775.97
AM;2022-03-01;537351
RR;2022-03-01;96801.8
PA;2022-03-01;1694374.15
AP;2022-03-01;80353.99
TO;2022-03-01;207454.36
MA;2022-03-01;665327.12
PI;2022-03-01;311619
CE;2022-03-01;1061942.01
RN;2022-03-01;512084
PB;2022-03-01;512193.73
PE;2022-03-01;1312220.98
AL;2022-03-01;463232.67
SE;2022-03-01;350723.29
BA;2022-03-01;2252574.06
MG;2022-03-01;4923261.42
ES;2022-03-01;1004261.29
RJ;2022-03-01;3683610.43
SP;2022-03-01;12013156.561
PR;2022-03-01;3238451.64
SC;2022-03-01;2687461.75
RS;2022-03-01;2857317.43
MS;2022-03-01;606478.73
MT;2022-03-01;831955.31
GO;2022-03-01;1394521.16
DF;2022-03-01;539166.08
