data;uf;total_pago;total_recebido;total_energia_entregue;total_energia_recebida;total_capacidade;total_geracao_centro_gravidade
2020-02-01;MG;31949.0;12148.0;945.0;1976.0;15917.688999999998;5885
2020-02-01;SP;19007.0;18528.0;1450.0;1168.0;21939.110999999997;7238
2020-02-01;RJ;435.0;3402.0;266.0;25.0;12003.506000000001;4072
2020-02-01;GO;15619.0;5612.0;437.0;974.0;7578.969;2965
2020-02-01;AL;17327.0;0.0;0.0;1079.0;4481.891;905
2020-02-01;PE;7366.0;1.0;0.0;459.0;4403.006000000001;1236
2020-02-01;SE;14506.0;0.0;0.0;906.0;4770.63;1011
2020-02-01;BA;6425.0;1028.0;80.0;403.0;8216.288999999997;1858
2020-02-01;PI;297.0;203.0;16.0;18.0;2756.4100000000017;505
2020-02-01;PR;32135.0;61550.0;1612.0;1997.0;24079.757999999998;9374
2020-02-01;SC;16252.0;754.0;54.0;1005.0;4466.599000000002;1141
2020-02-01;RS;26719.0;2511.0;195.0;1660.0;19858.109000000008;2241
2020-02-01;PA;710.0;58770.0;4601.0;44.0;22281.738;13112
2020-02-01;RN;0.0;0.0;0.0;0.0;4905.347000000001;1239
2020-02-01;ES;822.0;929.0;72.0;50.0;1577.969;667
2020-02-01;PB;16.0;0.0;0.0;1.0;861.1320000000002;74
2020-02-01;CE;0.0;0.0;0.0;0.0;4402.244;895
2020-02-01;MT;3156.0;3118.0;243.0;196.0;4193.919000000003;1811
2020-02-01;MS;485.0;104.0;8.0;30.0;2491.313;505
2020-02-01;DF;0.0;63.0;5.0;0.0;30;18
2020-02-01;TO;797.0;5458.0;427.0;51.0;1914.6789999999999;1210
2020-02-01;MA;288.0;4011.0;314.0;18.0;3910.406999999999;1961
2020-02-01;RO;1461.0;20720.0;1622.0;94.0;8117.615000000001;6210
2020-02-01;AM;1281.0;2.0;0.0;80.0;1617.002;914
2020-02-01;AP;2080.0;222.0;17.0;130.0;965.95;378
2020-03-01;MG;35890.0;11863.0;926.0;2563.0;15917.688999999998;5880
2020-03-01;SP;21223.0;14293.0;1116.0;1518.0;21939.110999999997;7000
2020-03-01;RJ;906.0;1867.0;147.0;64.0;12003.506000000001;3717
2020-03-01;GO;17136.0;7372.0;578.0;1226.0;7578.969;3005
2020-03-01;AL;15095.0;0.0;0.0;1086.0;4481.891;868
2020-03-01;PE;6566.0;6.0;0.0;473.0;4403.006000000001;940
2020-03-01;SE;12324.0;0.0;0.0;887.0;4770.64;1047
2020-03-01;BA;6727.0;1001.0;77.0;484.0;8216.288999999997;1958
2020-03-01;PI;151.0;638.0;50.0;10.0;2806.4100000000017;531
2020-03-01;PR;38059.0;26760.0;691.0;2732.0;24079.757999999998;8132
2020-03-01;SC;19820.0;271.0;20.0;1422.0;4469.957000000002;836
2020-03-01;RS;31244.0;945.0;73.0;2242.0;20963.210000000014;1838
2020-03-01;PA;502.0;111382.0;8721.0;35.0;22281.738;15687
2020-03-01;RN;0.0;0.0;0.0;0.0;4994.597000000001;691
2020-03-01;ES;1075.0;931.0;71.0;78.0;1578.209;673
2020-03-01;PB;16.0;0.0;0.0;1.0;861.1320000000002;50
2020-03-01;CE;0.0;0.0;0.0;0.0;4525.244000000001;275
2020-03-01;MT;4361.0;2693.0;211.0;315.0;4194.687000000003;1654
2020-03-01;MS;810.0;41.0;3.0;58.0;2498.813;542
2020-03-01;DF;10.0;23.0;2.0;1.0;30;18
2020-03-01;TO;454.0;4619.0;363.0;31.0;1914.6789999999999;1228
2020-03-01;MA;85.0;6596.0;517.0;6.0;3910.406999999999;843
2020-03-01;RO;960.0;22145.0;1734.0;70.0;8117.615000000001;6185
2020-03-01;AM;179.0;330.0;26.0;13.0;1617.002;748
2020-03-01;AP;1788.0;1590.0;125.0;128.0;965.95;379
2020-01-01;MG;24428.0;14728.0;1145.0;1298.0;15919.688999999998;6006
2020-01-01;SP;22723.0;17992.0;1407.0;1208.0;21915.610999999997;7209
2020-01-01;RJ;1119.0;2443.0;193.0;60.0;12003.506000000001;5041
2020-01-01;GO;14921.0;3314.0;258.0;793.0;7578.969;2815
2020-01-01;AL;16619.0;0.0;0.0;893.0;4481.891;961
2020-01-01;PE;7057.0;0.0;0.0;379.0;4403.006000000001;1292
2020-01-01;SE;13208.0;0.0;0.0;711.0;4770.63;1074
2020-01-01;BA;6890.0;455.0;35.0;368.0;8216.288999999997;1761
2020-01-01;PI;415.0;15.0;1.0;22.0;2470.3600000000006;384
2020-01-01;PR;21870.0;101785.0;2857.0;1152.0;24079.757999999998;10996
2020-01-01;SC;14967.0;785.0;55.0;798.0;4460.086000000002;1338
2020-01-01;RS;22006.0;3724.0;288.0;1166.0;19858.109000000008;2556
2020-01-01;PA;23600.0;18093.0;1417.0;1260.0;22281.738;8601
2020-01-01;RN;0.0;0.0;0.0;0.0;4867.5470000000005;1286
2020-01-01;ES;1023.0;1102.0;85.0;57.0;1577.969;627
2020-01-01;PB;16.0;0.0;0.0;1.0;848.9320000000001;84
2020-01-01;CE;0.0;0.0;0.0;0.0;4402.244;1422
2020-01-01;MT;5118.0;2967.0;232.0;278.0;4193.919000000003;1561
2020-01-01;MS;387.0;158.0;12.0;21.0;2491.313;673
2020-01-01;DF;24.0;87.0;7.0;1.0;30;17
2020-01-01;TO;1669.0;3910.0;307.0;88.0;1914.6789999999999;980
2020-01-01;MA;2383.0;914.0;71.0;125.0;3910.406999999999;2289
2020-01-01;RO;307.0;31817.0;2491.0;15.0;8115.055;6532
2020-01-01;AM;764.0;7.0;1.0;41.0;1617.002;1063
2020-01-01;AP;3132.0;338.0;26.0;169.0;965.95;350
2020-10-01;MG;11517.0;34297.0;2679.0;661.0;15992.050999999998;7617
2020-10-01;SP;6929.0;31787.0;2491.0;401.0;22085.803999999996;9471
2020-10-01;RJ;1945.0;816.0;63.0;116.0;10067.891;4851
2020-10-01;GO;5087.0;13763.0;1074.0;304.0;7518.469000000001;3866
2020-10-01;AL;652.0;3312.0;259.0;38.0;4481.891;1834
2020-10-01;PE;557.0;2235.0;175.0;31.0;4233.797999999998;1730
2020-10-01;SE;45.0;6510.0;510.0;3.0;4770.64;2045
2020-10-01;BA;2714.0;1555.0;121.0;158.0;8679.458999999995;3076
2020-10-01;PI;94.0;243.0;20.0;6.0;3349.888000000001;948
2020-10-01;PR;15155.0;83549.0;2700.0;860.0;24092.757999999998;10124
2020-10-01;SC;9408.0;2369.0;182.0;547.0;4480.440000000002;1412
2020-10-01;RS;8356.0;12155.0;948.0;474.0;20568.59200000001;4156
2020-10-01;PA;78270.0;1622.0;128.0;4651.0;22281.738;3911
2020-10-01;RN;0.0;0.0;0.0;0.0;5392.281000000001;2436
2020-10-01;ES;1742.0;587.0;43.0;103.0;1578.209;594
2020-10-01;PB;12.0;0.0;0.0;1.0;899.4320000000001;222
2020-10-01;CE;0.0;0.0;0.0;0.0;4518.364000000001;1866
2020-10-01;MT;7828.0;483.0;37.0;467.0;3694.3470000000016;1352
2020-10-01;MS;80.0;123.0;9.0;5.0;2507.8129999999996;893
2020-10-01;DF;45.0;31.0;2.0;3.0;30;8
2020-10-01;TO;1241.0;1659.0;130.0;73.0;1932.6789999999999;921
2020-10-01;MA;4768.0;5.0;0.0;282.0;3900.616999999999;2145
2020-10-01;RO;38018.0;1240.0;97.0;2265.0;8117.615000000001;1141
2020-10-01;AM;118.0;810.0;63.0;7.0;1617.002;1062
2020-10-01;AP;4650.0;60.0;5.0;278.0;965.95;197
2020-04-01;MG;31111.0;9413.0;736.0;2302.0;15917.688999999998;4985
2020-04-01;SP;15921.0;14954.0;1169.0;1176.0;21984.110999999997;7210
2020-04-01;RJ;722.0;1281.0;99.0;53.0;10050.891;3107
2020-04-01;GO;12477.0;6195.0;485.0;920.0;7500.829000000001;2660
2020-04-01;AL;5110.0;27.0;2.0;381.0;4481.891;1220
2020-04-01;PE;2064.0;42.0;3.0;153.0;4217.081000000001;918
2020-04-01;SE;2735.0;293.0;23.0;206.0;4770.64;1664
2020-04-01;BA;4454.0;375.0;30.0;330.0;8266.688999999997;2301
2020-04-01;PI;129.0;56.0;4.0;10.0;2838.9700000000016;647
2020-04-01;PR;34476.0;12688.0;327.0;2556.0;24080.757999999998;6082
2020-04-01;SC;17671.0;25.0;1.0;1304.0;4469.957000000002;298
2020-04-01;RS;28215.0;595.0;46.0;2087.0;20521.235000000015;1406
2020-04-01;PA;111.0;69226.0;5420.0;8.0;22281.738;11298
2020-04-01;RN;0.0;0.0;0.0;0.0;5103.367000000001;1130
2020-04-01;ES;155.0;1192.0;93.0;11.0;1578.209;654
2020-04-01;PB;13.0;0.0;0.0;1.0;861.1320000000002;72
2020-04-01;CE;0.0;0.0;0.0;0.0;4510.484;305
2020-04-01;MT;1642.0;3229.0;250.0;122.0;4194.687000000003;1650
2020-04-01;MS;410.0;105.0;9.0;30.0;2498.813;851
2020-04-01;DF;0.0;61.0;5.0;0.0;60;18
2020-04-01;TO;586.0;2922.0;228.0;43.0;1914.6789999999999;991
2020-04-01;MA;172.0;4506.0;353.0;12.0;3910.406999999999;590
2020-04-01;RO;137.0;26998.0;2113.0;11.0;8117.615000000001;5876
2020-04-01;AM;44.0;578.0;45.0;3.0;1617.002;913
2020-04-01;AP;177.0;3763.0;295.0;13.0;965.95;620
2020-05-01;MG;28052.0;8433.0;657.0;1774.0;15992.048999999997;4852
2020-05-01;SP;16532.0;11670.0;915.0;1057.0;22011.710999999996;7059
2020-05-01;RJ;762.0;1101.0;85.0;48.0;10050.891;3251
2020-05-01;GO;14206.0;6412.0;505.0;903.0;7502.669000000001;2761
2020-05-01;AL;6476.0;11.0;1.0;414.0;4481.891;1088
2020-05-01;PE;2528.0;40.0;3.0;162.0;4230.260999999999;760
2020-05-01;SE;3713.0;146.0;11.0;239.0;4770.64;1578
2020-05-01;BA;6842.0;388.0;30.0;437.0;8317.088999999996;2582
2020-05-01;PI;64.0;204.0;16.0;4.0;2838.9700000000016;918
2020-05-01;PR;40484.0;48236.0;1220.0;2562.0;24080.757999999998;6553
2020-05-01;SC;18400.0;352.0;24.0;1167.0;4470.967000000002;405
2020-05-01;RS;31006.0;426.0;32.0;1972.0;20531.614000000012;1454
2020-05-01;PA;283.0;62550.0;4898.0;16.0;22281.738;10653
2020-05-01;RN;0.0;0.0;0.0;0.0;5141.167000000001;1313
2020-05-01;ES;260.0;1089.0;85.0;16.0;1578.209;575
2020-05-01;PB;12.0;0.0;0.0;1.0;861.1320000000002;79
2020-05-01;CE;0.0;0.0;0.0;0.0;4521.364000000001;424
2020-05-01;MT;1383.0;3235.0;251.0;87.0;4194.687000000003;1607
2020-05-01;MS;414.0;112.0;9.0;27.0;2498.813;769
2020-05-01;DF;0.0;66.0;5.0;0.0;30;18
2020-05-01;TO;1698.0;905.0;72.0;104.0;1914.6789999999999;753
2020-05-01;MA;189.0;3311.0;260.0;12.0;3910.406999999999;610
2020-05-01;RO;631.0;20804.0;1629.0;37.0;8117.615000000001;5114
2020-05-01;AM;65.0;650.0;51.0;4.0;1617.002;941
2020-05-01;AP;97.0;3953.0;309.0;6.0;965.95;635
2020-11-01;MG;6141.0;35220.0;2754.0;342.0;15992.040999999997;7646
2020-11-01;SP;6310.0;30278.0;2371.0;366.0;22096.303999999996;8710
2020-11-01;RJ;1171.0;1488.0;117.0;70.0;10067.891;5442
2020-11-01;GO;4258.0;15324.0;1196.0;249.0;7518.469000000001;3853
2020-11-01;AL;657.0;4576.0;358.0;38.0;4481.891;1809
2020-11-01;PE;509.0;2797.0;219.0;28.0;4233.797999999998;1937
2020-11-01;SE;24.0;7770.0;609.0;1.0;4770.64;2023
2020-11-01;BA;460.0;6027.0;472.0;27.0;8781.908999999994;3311
2020-11-01;PI;34.0;451.0;35.0;2.0;3438.0880000000006;886
2020-11-01;PR;25512.0;78033.0;2168.0;1475.0;24042.757999999998;8464
2020-11-01;SC;11925.0;666.0;46.0;691.0;4483.360000000002;1040
2020-11-01;RS;17195.0;4942.0;386.0;997.0;22278.592000000015;4229
2020-11-01;PA;81698.0;174.0;13.0;4792.0;22281.738;2866
2020-11-01;RN;0.0;0.0;0.0;0.0;5416.536000000001;2489
2020-11-01;ES;496.0;1159.0;92.0;29.0;1578.209;765
2020-11-01;PB;11.0;0.0;0.0;1.0;899.4320000000001;257
2020-11-01;CE;0.0;0.0;0.0;0.0;4606.564000000001;1812
2020-11-01;MT;6665.0;739.0;57.0;393.0;3694.3470000000016;1378
2020-11-01;MS;103.0;115.0;9.0;5.0;2507.8129999999996;1033
2020-11-01;DF;19.0;79.0;6.0;1.0;30;13
2020-11-01;TO;432.0;4399.0;343.0;25.0;1932.6789999999999;1061
2020-11-01;MA;1751.0;1026.0;81.0;104.0;3900.616999999999;2457
2020-11-01;RO;29781.0;1608.0;126.0;1743.0;8117.615000000001;1473
2020-11-01;AM;50.0;938.0;73.0;3.0;1433.002;1066
2020-11-01;AP;2899.0;284.0;22.0;170.0;1043.95;295
2020-07-01;MG;9853.0;22449.0;1752.0;622.0;15992.048999999997;6489
2020-07-01;SP;14796.0;13964.0;1095.0;950.0;22045.003999999997;8101
2020-07-01;RJ;3061.0;478.0;37.0;196.0;10053.891;2295
2020-07-01;GO;9392.0;9749.0;761.0;608.0;7502.669000000001;3315
2020-07-01;AL;2951.0;459.0;36.0;191.0;4481.891;1407
2020-07-01;PE;1068.0;777.0;60.0;68.0;4233.1129999999985;1076
2020-07-01;SE;883.0;1747.0;137.0;58.0;4770.64;1613
2020-07-01;BA;554.0;2383.0;186.0;36.0;8451.488999999996;3608
2020-07-01;PI;72.0;286.0;23.0;5.0;3034.0540000000015;1313
2020-07-01;PR;18326.0;45197.0;1620.0;1137.0;24083.557999999997;8595
2020-07-01;SC;3705.0;9830.0;766.0;228.0;4471.935000000003;2318
2020-07-01;RS;4062.0;27638.0;2162.0;242.0;20554.692000000014;4723
2020-07-01;PA;45502.0;657.0;51.0;2992.0;22281.738;4571
2020-07-01;RN;0.0;0.0;0.0;0.0;5287.147000000001;2321
2020-07-01;ES;809.0;443.0;36.0;54.0;1578.209;466
2020-07-01;PB;11.0;0.0;0.0;1.0;861.1320000000002;109
2020-07-01;CE;0.0;0.0;0.0;0.0;4521.364000000001;762
2020-07-01;MT;2366.0;734.0;55.0;158.0;4201.187000000003;1297
2020-07-01;MS;187.0;81.0;6.0;12.0;2498.813;767
2020-07-01;DF;74.0;0.0;0.0;5.0;30;4
2020-07-01;TO;5489.0;9.0;0.0;360.0;1930.6789999999999;530
2020-07-01;MA;4026.0;5.0;0.0;264.0;3900.406999999999;913
2020-07-01;RO;14030.0;3901.0;305.0;939.0;8117.615000000001;2912
2020-07-01;AM;251.0;875.0;69.0;18.0;1617.002;867
2020-07-01;AP;1080.0;877.0;69.0;72.0;965.95;456
2020-12-01;MG;12243.0;24674.0;1926.0;780.0;15992.040999999997;6742
2020-12-01;SP;8379.0;19857.0;1555.0;544.0;22136.803999999996;7222
2020-12-01;RJ;548.0;3143.0;246.0;35.0;10067.891;5831
2020-12-01;GO;8343.0;7552.0;594.0;542.0;7518.469000000001;2949
2020-12-01;AL;351.0;7481.0;586.0;22.0;4481.891;2176
2020-12-01;PE;402.0;4413.0;346.0;25.0;4233.797999999998;2119
2020-12-01;SE;59.0;11623.0;910.0;4.0;4770.64;2473
2020-12-01;BA;2291.0;2136.0;167.0;146.0;9000.543999999994;2868
2020-12-01;PI;145.0;114.0;9.0;10.0;3538.120000000001;840
2020-12-01;PR;15567.0;50700.0;1796.0;980.0;24042.757999999998;9047
2020-12-01;SC;8782.0;3915.0;298.0;553.0;4483.360000000002;1500
2020-12-01;RS;16423.0;4704.0;365.0;1049.0;22299.199000000015;4210
2020-12-01;PA;58873.0;796.0;63.0;3821.0;22281.738;3520
2020-12-01;RN;0.0;0.0;0.0;0.0;5533.796;2536
2020-12-01;ES;497.0;1367.0;106.0;31.0;1578.209;790
2020-12-01;PB;12.0;0.0;0.0;1.0;899.4320000000001;263
2020-12-01;CE;0.0;0.0;0.0;0.0;4635.964000000001;2120
2020-12-01;MT;5392.0;999.0;76.0;350.0;3706.3470000000016;1418
2020-12-01;MS;227.0;56.0;4.0;15.0;2507.8129999999996;772
2020-12-01;DF;15.0;45.0;4.0;1.0;30;13
2020-12-01;TO;479.0;4320.0;337.0;29.0;1932.6789999999999;1065
2020-12-01;MA;1792.0;1064.0;84.0;115.0;3900.616999999999;2458
2020-12-01;RO;12023.0;7414.0;580.0;765.0;8117.615000000001;3313
2020-12-01;AM;212.0;428.0;33.0;14.0;1433.002;1010
2020-12-01;AP;3969.0;226.0;18.0;260.0;1043.95;271
2020-06-01;MG;17888.0;15100.0;1174.0;1103.0;15992.048999999997;5604
2020-06-01;SP;12931.0;13679.0;1070.0;807.0;22024.110999999997;7610
2020-06-01;RJ;981.0;704.0;53.0;64.0;10053.891;3384
2020-06-01;GO;9130.0;6067.0;471.0;570.0;7502.669000000001;3072
2020-06-01;AL;5706.0;140.0;11.0;362.0;4481.891;1136
2020-06-01;PE;2102.0;319.0;25.0;133.0;4230.260999999999;923
2020-06-01;SE;3214.0;655.0;51.0;205.0;4770.64;1287
2020-06-01;BA;1506.0;1426.0;111.0;94.0;8409.488999999996;3290
2020-06-01;PI;32.0;277.0;22.0;2.0;2873.5120000000015;1212
2020-06-01;PR;35434.0;42968.0;1217.0;2217.0;24080.757999999998;6703
2020-06-01;SC;11686.0;4209.0;323.0;728.0;4471.935000000003;1295
2020-06-01;RS;19145.0;4501.0;348.0;1198.0;20553.974000000013;2202
2020-06-01;PA;2788.0;33554.0;2627.0;176.0;22281.738;9093
2020-06-01;RN;0.0;0.0;0.0;0.0;5210.917000000001;1829
2020-06-01;ES;558.0;737.0;57.0;36.0;1578.209;497
2020-06-01;PB;11.0;0.0;0.0;1.0;861.1320000000002;95
2020-06-01;CE;0.0;0.0;0.0;0.0;4521.364000000001;588
2020-06-01;MT;1084.0;2106.0;166.0;69.0;4201.187000000003;1460
2020-06-01;MS;250.0;175.0;13.0;16.0;2498.813;726
2020-06-01;DF;53.0;8.0;1.0;3.0;30;7
2020-06-01;TO;3362.0;76.0;5.0;215.0;1922.6789999999999;643
2020-06-01;MA;2104.0;486.0;38.0;133.0;3910.406999999999;1003
2020-06-01;RO;7083.0;5967.0;467.0;445.0;8117.615000000001;3475
2020-06-01;AM;81.0;1065.0;83.0;5.0;1617.002;986
2020-06-01;AP;284.0;3197.0;250.0;18.0;965.95;620
2020-08-01;MG;11231.0;23701.0;1853.0;624.0;15992.048999999997;6552
2020-08-01;SP;10627.0;18029.0;1413.0;606.0;22069.003999999997;8131
2020-08-01;RJ;2731.0;705.0;54.0;159.0;10067.891;2651
2020-08-01;GO;8425.0;9951.0;779.0;489.0;7502.669000000001;3356
2020-08-01;AL;4539.0;137.0;11.0;261.0;4481.891;1282
2020-08-01;PE;1618.0;306.0;25.0;91.0;4233.1129999999985;1310
2020-08-01;SE;1855.0;651.0;51.0;111.0;4770.64;1448
2020-08-01;BA;2027.0;1349.0;105.0;121.0;8480.888999999996;3711
2020-08-01;PI;90.0;249.0;20.0;5.0;3274.888000000001;1276
2020-08-01;PR;13695.0;87354.0;2928.0;753.0;24083.557999999997;10083
2020-08-01;SC;3438.0;12765.0;992.0;192.0;4479.880000000003;2359
2020-08-01;RS;2582.0;26996.0;2111.0;135.0;20564.89200000001;4780
2020-08-01;PA;75601.0;729.0;57.0;4337.0;22281.738;3734
2020-08-01;RN;0.0;0.0;0.0;0.0;5287.147000000001;3019
2020-08-01;ES;1163.0;325.0;24.0;66.0;1578.209;467
2020-08-01;PB;12.0;0.0;0.0;1.0;872.4320000000001;132
2020-08-01;CE;0.0;0.0;0.0;0.0;4521.364000000001;1079
2020-08-01;MT;5793.0;576.0;43.0;335.0;3694.3470000000016;1091
2020-08-01;MS;293.0;51.0;3.0;18.0;2498.813;632
2020-08-01;DF;47.0;1.0;0.0;3.0;30;5
2020-08-01;TO;5304.0;74.0;5.0;316.0;1930.6789999999999;527
2020-08-01;MA;5049.0;9.0;1.0;295.0;3900.406999999999;952
2020-08-01;RO;30847.0;2373.0;185.0;1807.0;8117.615000000001;1785
2020-08-01;AM;703.0;115.0;9.0;42.0;1617.002;907
2020-08-01;AP;291.0;1520.0;119.0;17.0;965.95;468
2020-09-01;MG;12159.0;30986.0;2416.0;724.0;15992.050999999998;7506
2020-09-01;SP;9327.0;24307.0;1901.0;561.0;22070.803999999996;9007
2020-09-01;RJ;3426.0;574.0;44.0;212.0;10067.891;3223
2020-09-01;GO;5376.0;10263.0;803.0;327.0;7518.469000000001;3811
2020-09-01;AL;2489.0;1029.0;80.0;152.0;4481.891;1613
2020-09-01;PE;1132.0;1231.0;96.0;67.0;4233.1129999999985;1207
2020-09-01;SE;603.0;2863.0;224.0;37.0;4770.64;2018
2020-09-01;BA;1457.0;1433.0;113.0;89.0;8572.673999999995;3743
2020-09-01;PI;77.0;352.0;28.0;5.0;3318.388000000001;1233
2020-09-01;PR;5909.0;87848.0;3475.0;341.0;24083.557999999997;11725
2020-09-01;SC;6373.0;7553.0;588.0;378.0;4479.880000000003;1721
2020-09-01;RS;3697.0;21985.0;1718.0;213.0;20568.59200000001;4507
2020-09-01;PA;85676.0;182.0;14.0;5220.0;22281.738;3712
2020-09-01;RN;0.0;0.0;0.0;0.0;5359.912000000001;2921
2020-09-01;ES;2163.0;73.0;5.0;130.0;1578.209;431
2020-09-01;PB;12.0;0.0;0.0;1.0;899.4320000000001;134
2020-09-01;CE;0.0;0.0;0.0;0.0;4518.364000000001;1320
2020-09-01;MT;8601.0;114.0;7.0;528.0;3694.3470000000016;860
2020-09-01;MS;100.0;29.0;2.0;7.0;2507.8129999999996;697
2020-09-01;DF;62.0;2.0;0.0;4.0;30;5
2020-09-01;TO;2959.0;579.0;46.0;183.0;1930.6789999999999;765
2020-09-01;MA;5854.0;7.0;1.0;360.0;3900.616999999999;1076
2020-09-01;RO;35518.0;2180.0;171.0;2176.0;8117.615000000001;1561
2020-09-01;AM;113.0;909.0;71.0;7.0;1617.002;1001
2020-09-01;AP;1776.0;362.0;29.0;109.0;965.95;340
2018-06-01;MG;37920.0;4659.0;387.0;2087.0;15946.164999999997;3924
2018-06-01;SP;12779.0;12501.0;1053.0;706.0;21802.08699999999;8004
2018-06-01;RJ;1730.0;893.0;75.0;97.0;13379.702000000003;5052
2018-06-01;GO;12116.0;3489.0;293.0;675.0;7687.938;2677
2018-06-01;AL;15660.0;0.0;0.0;872.0;4481.891;580
2018-06-01;PE;6644.0;41.0;4.0;368.0;4363.522000000001;1197
2018-06-01;SE;14498.0;0.0;0.0;807.0;3255.0;602
2018-06-01;BA;6239.0;30.0;2.0;347.0;7179.893999999999;2109
2018-06-01;PI;63.0;100.0;8.0;3.0;2034.0000000000011;997
2018-06-01;PR;10285.0;93179.0;3361.0;544.0;23642.45;10208
2018-06-01;SC;9553.0;310.0;25.0;524.0;4375.848000000002;1152
2018-06-01;RS;9582.0;4758.0;398.0;522.0;10618.869000000008;2762
2018-06-01;PA;7555.0;11943.0;1005.0;418.0;22245.971999999998;6683
2018-06-01;RN;0.0;0.0;0.0;0.0;4665.883999999996;1881
2018-06-01;ES;1146.0;195.0;17.0;64.0;1554.589;465
2018-06-01;MS;103.0;312.0;25.0;5.0;2941.4030000000002;937
2018-06-01;PB;14.0;0.0;0.0;1.0;763.254;79
2018-06-01;CE;0.0;0.0;0.0;0.0;4094.5439999999985;1377
2018-06-01;DF;125.0;0.0;0.0;7.0;40;2
2018-06-01;MT;519.0;1905.0;158.0;27.0;3261.6920000000005;1142
2018-06-01;MA;2343.0;311.0;26.0;131.0;3713.1069999999995;1672
2018-06-01;TO;4944.0;17.0;0.0;278.0;1906.9289999999999;536
2018-06-01;RO;953.0;18193.0;1532.0;54.0;8087.511;4791
2018-06-01;AC;0.0;0.0;0.0;0.0;45.497;0
2018-06-01;AM;311.0;8.0;1.0;18.0;1706.002;642
2018-06-01;AP;11.0;2234.0;188.0;1.0;965.95;656
2018-12-01;MG;43593.0;7495.0;624.0;2598.0;16189.214999999997;4390
2018-12-01;SP;16086.0;10042.0;846.0;956.0;21836.78699999999;7097
2018-12-01;RJ;2582.0;373.0;32.0;155.0;13388.808000000003;3528
2018-12-01;GO;10705.0;4440.0;374.0;648.0;7713.438;2819
2018-12-01;AL;21374.0;0.0;0.0;1285.0;4481.891;636
2018-12-01;PE;9041.0;0.0;0.0;544.0;4363.522000000001;783
2018-12-01;SE;18931.0;0.0;0.0;1137.0;3255.0;706
2018-12-01;BA;4248.0;1750.0;148.0;256.0;7793.143999999998;1994
2018-12-01;PI;102.0;306.0;26.0;7.0;2229.000000000001;702
2018-12-01;PR;6866.0;88236.0;3406.0;397.0;23674.06;12088
2018-12-01;SC;6252.0;2301.0;189.0;369.0;4384.9940000000015;1648
2018-12-01;RS;2954.0;10771.0;900.0;171.0;12829.320000000009;4137
2018-12-01;PA;12023.0;16189.0;1362.0;697.0;22246.170000000002;9664
2018-12-01;RN;0.0;0.0;0.0;0.0;4965.483999999999;1675
2018-12-01;ES;691.0;512.0;42.0;39.0;1576.389;514
2018-12-01;MS;98.0;202.0;16.0;6.0;2999.384;598
2018-12-01;PB;13.0;0.0;0.0;1.0;844.6540000000001;176
2018-12-01;CE;0.0;0.0;0.0;0.0;4325.244;939
2018-12-01;MT;1308.0;2620.0;218.0;78.0;3637.273000000001;1313
2018-12-01;MA;4250.0;99.0;9.0;259.0;3826.1069999999995;778
2018-12-01;DF;13.0;77.0;6.0;1.0;30;19
2018-12-01;TO;2552.0;570.0;48.0;156.0;1909.6789999999999;824
2018-12-01;RO;189.0;16200.0;1363.0;12.0;8089.215;5739
2018-12-01;AM;603.0;0.0;0.0;37.0;1706.002;744
2018-12-01;AP;341.0;2634.0;222.0;20.0;965.95;549
2018-07-01;MG;20778.0;11321.0;951.0;1228.0;15946.164999999997;4900
2018-07-01;SP;5567.0;21152.0;1777.0;317.0;21825.496999999992;8826
2018-07-01;RJ;1303.0;1324.0;112.0;78.0;13379.702000000003;4936
2018-07-01;GO;7810.0;8861.0;748.0;465.0;7687.938;3305
2018-07-01;AL;13438.0;0.0;0.0;806.0;4481.891;570
2018-07-01;PE;5658.0;43.0;4.0;336.0;4363.522000000001;1248
2018-07-01;SE;12393.0;0.0;0.0;742.0;3255.0;593
2018-07-01;BA;5671.0;22.0;2.0;340.0;7239.293999999999;2345
2018-07-01;PI;38.0;131.0;11.0;2.0;2034.0000000000011;1116
2018-07-01;PR;7853.0;87527.0;3443.0;428.0;23653.06;9996
2018-07-01;SC;3686.0;3489.0;290.0;210.0;4382.348000000002;1735
2018-07-01;RS;2911.0;13767.0;1155.0;157.0;10618.869000000008;3959
2018-07-01;PA;44794.0;1095.0;92.0;2654.0;22245.971999999998;3692
2018-07-01;RN;0.0;0.0;0.0;0.0;4665.883999999996;2265
2018-07-01;ES;1556.0;31.0;2.0;94.0;1554.589;469
2018-07-01;MS;43.0;363.0;30.0;2.0;2941.4030000000002;1132
2018-07-01;PB;9.0;0.0;0.0;1.0;763.254;132
2018-07-01;CE;0.0;0.0;0.0;0.0;4094.5439999999985;1617
2018-07-01;DF;119.0;0.0;0.0;7.0;40;1
2018-07-01;MT;791.0;1213.0;101.0;50.0;3311.8720000000008;988
2018-07-01;MA;6156.0;0.0;0.0;372.0;3718.1069999999995;1885
2018-07-01;TO;4979.0;21.0;2.0;302.0;1906.9289999999999;477
2018-07-01;RO;12629.0;4979.0;420.0;784.0;8087.511;2912
2018-07-01;AC;0.0;0.0;0.0;0.0;45.497;0
2018-07-01;AM;110.0;70.0;6.0;7.0;1706.002;685
2018-07-01;AP;2.0;2876.0;243.0;0.0;965.95;652
2018-11-01;MG;34743.0;8967.0;747.0;1791.0;16119.464999999997;4710
2018-11-01;SP;8894.0;17585.0;1479.0;448.0;21836.78699999999;8270
2018-11-01;RJ;1854.0;554.0;46.0;98.0;13379.022000000003;2990
2018-11-01;GO;5578.0;6745.0;568.0;286.0;7707.938;3194
2018-11-01;AL;22741.0;0.0;0.0;1204.0;4481.891;605
2018-11-01;PE;9722.0;0.0;0.0;513.0;4363.522000000001;886
2018-11-01;SE;21236.0;0.0;0.0;1121.0;3255.0;616
2018-11-01;BA;5846.0;1083.0;91.0;310.0;7746.163999999999;2331
2018-11-01;PI;0.0;716.0;60.0;0.0;2175.000000000001;926
2018-11-01;PR;2849.0;170897.0;6590.0;136.0;23674.06;15590
2018-11-01;SC;2414.0;9709.0;813.0;117.0;4380.424000000002;2231
2018-11-01;RS;1543.0;18741.0;1575.0;78.0;12821.320000000009;5106
2018-11-01;PA;97989.0;897.0;75.0;5153.0;22246.170000000002;4083
2018-11-01;RN;0.0;0.0;0.0;0.0;4923.483999999999;2144
2018-11-01;ES;613.0;314.0;26.0;32.0;1576.389;588
2018-11-01;MS;180.0;232.0;19.0;9.0;2980.384;661
2018-11-01;PB;16.0;0.0;0.0;1.0;844.6540000000001;209
2018-11-01;CE;0.0;0.0;0.0;0.0;4325.244;1238
2018-11-01;MT;1448.0;2468.0;210.0;76.0;3333.753000000001;1193
2018-11-01;MA;5667.0;3.0;0.0;297.0;3772.1069999999995;1248
2018-11-01;DF;0.0;91.0;8.0;0.0;30;18
2018-11-01;TO;774.0;2827.0;239.0;39.0;1909.6789999999999;994
2018-11-01;RO;14008.0;3133.0;263.0;741.0;8087.511;3294
2018-11-01;AM;39.0;346.0;29.0;2.0;1706.002;787
2018-11-01;AP;7092.0;0.0;0.0;374.0;965.95;138
2018-05-01;MG;48811.0;2884.0;239.0;2995.0;15944.664999999997;3613
2018-05-01;SP;18232.0;8347.0;699.0;1118.0;21802.08699999999;7582
2018-05-01;RJ;1901.0;484.0;39.0;116.0;13379.702000000003;4497
2018-05-01;GO;18276.0;808.0;69.0;1122.0;9372.937999999998;2223
2018-05-01;AL;16706.0;0.0;0.0;1032.0;4481.891;573
2018-05-01;PE;7103.0;53.0;4.0;438.0;4363.522000000001;1052
2018-05-01;SE;15607.0;0.0;0.0;965.0;3255.0;591
2018-05-01;BA;8426.0;14.0;1.0;520.0;7063.293999999998;1885
2018-05-01;PI;90.0;102.0;8.0;6.0;2034.0000000000011;891
2018-05-01;PR;11447.0;93175.0;3535.0;664.0;23636.904;11296
2018-05-01;SC;12018.0;57.0;3.0;731.0;4373.966000000001;1024
2018-05-01;RS;16607.0;2509.0;211.0;1013.0;10618.869000000008;2268
2018-05-01;PA;5361.0;50476.0;4249.0;318.0;22233.471999999998;10173
2018-05-01;RN;0.0;0.0;0.0;0.0;4665.883999999996;1490
2018-05-01;ES;847.0;432.0;38.0;52.0;1520.152;562
2018-05-01;MS;168.0;310.0;26.0;11.0;2941.4030000000002;746
2018-05-01;PB;13.0;0.0;0.0;1.0;763.254;79
2018-05-01;CE;0.0;0.0;0.0;0.0;4094.5439999999985;884
2018-05-01;DF;113.0;0.0;0.0;7.0;40;4
2018-05-01;MT;451.0;2993.0;250.0;26.0;3260.7920000000004;1335
2018-05-01;MA;0.0;3661.0;308.0;0.0;3713.1069999999995;496
2018-05-01;TO;5272.0;46.0;4.0;325.0;1906.9289999999999;514
2018-05-01;RO;137.0;18124.0;1526.0;8.0;8087.511;5171
2018-05-01;AC;0.0;0.0;0.0;0.0;45.497;0
2018-05-01;AM;600.0;0.0;0.0;38.0;1706.002;677
2018-05-01;AP;23.0;3740.0;315.0;2.0;965.95;654
2018-10-01;MG;27309.0;8663.0;721.0;1424.0;15990.964999999997;4697
2018-10-01;SP;5742.0;20449.0;1721.0;289.0;21836.78699999999;8648
2018-10-01;RJ;1402.0;510.0;42.0;78.0;13379.022000000003;4683
2018-10-01;GO;5348.0;6181.0;516.0;282.0;7707.938;3351
2018-10-01;AL;18758.0;0.0;0.0;1011.0;4481.891;644
2018-10-01;PE;7968.0;0.0;0.0;427.0;4363.522000000001;1301
2018-10-01;SE;17575.0;0.0;0.0;945.0;3255.0;631
2018-10-01;BA;5061.0;30.0;2.0;273.0;7972.966999999998;2204
2018-10-01;PI;0.0;339.0;29.0;0.0;2112.000000000001;852
2018-10-01;PR;3313.0;157747.0;5981.0;164.0;23669.06;13759
2018-10-01;SC;601.0;12971.0;1088.0;29.0;4380.848000000002;2823
2018-10-01;RS;928.0;23585.0;1982.0;46.0;12821.320000000009;5228
2018-10-01;PA;89632.0;82.0;6.0;4766.0;22246.170000000002;3689
2018-10-01;RN;0.0;0.0;0.0;0.0;4846.483999999998;1967
2018-10-01;ES;1945.0;34.0;3.0;106.0;1587.589;464
2018-10-01;MS;199.0;349.0;29.0;11.0;2940.384;832
2018-10-01;PB;13.0;0.0;0.0;1.0;844.6540000000001;163
2018-10-01;CE;0.0;0.0;0.0;0.0;4193.244;1370
2018-10-01;MT;3079.0;1450.0;121.0;166.0;3327.6530000000007;1012
2018-10-01;MA;5595.0;0.0;0.0;296.0;3718.1069999999995;1984
2018-10-01;DF;56.0;29.0;2.0;3.0;30;8
2018-10-01;TO;1008.0;874.0;73.0;55.0;1909.6789999999999;887
2018-10-01;RO;35367.0;2724.0;229.0;1916.0;8087.511;1799
2018-10-01;AM;7.0;208.0;18.0;0.0;1706.002;750
2018-10-01;AP;4468.0;47.0;4.0;242.0;965.95;217
2018-01-01;MG;53087.0;5611.0;467.0;2899.0;15831.388999999997;3581
2018-01-01;SP;16503.0;24208.0;2038.0;893.0;21653.08699999999;7390
2018-01-01;RJ;3135.0;291.0;24.0;177.0;13377.022000000003;4342
2018-01-01;GO;20782.0;3012.0;252.0;1133.0;7634.535000000001;2295
2018-01-01;AL;24662.0;0.0;0.0;1362.0;4481.891;553
2018-01-01;PE;10518.0;1.0;0.0;579.0;4363.522000000001;1263
2018-01-01;SE;23935.0;0.0;0.0;1322.0;3255.0;512
2018-01-01;BA;12424.0;51.0;5.0;686.0;6931.093999999998;1567
2018-01-01;PI;227.0;63.0;5.0;13.0;2034.0000000000011;628
2018-01-01;PR;4553.0;160539.0;6174.0;231.0;23626.564;14877
2018-01-01;SC;6186.0;6567.0;549.0;328.0;5221.974000000001;2110
2018-01-01;RS;13629.0;5516.0;460.0;722.0;10643.86900000001;3302
2018-01-01;PA;45552.0;7347.0;618.0;2520.0;22233.471999999998;7374
2018-01-01;RN;0.0;0.0;0.0;0.0;4622.283999999996;1478
2018-01-01;ES;2287.0;76.0;7.0;129.0;1520.152;504
2018-01-01;MS;64.0;376.0;32.0;4.0;2982.6670000000004;412
2018-01-01;PB;23.0;0.0;0.0;1.0;736.254;125
2018-01-01;CE;0.0;0.0;0.0;0.0;3980.4439999999986;1701
2018-01-01;DF;53.0;15.0;1.0;3.0;40;12
2018-01-01;MT;980.0;3273.0;274.0;53.0;3251.3830000000007;1350
2018-01-01;MA;1792.0;914.0;77.0;97.0;3713.1069999999995;1704
2018-01-01;TO;1826.0;683.0;57.0;101.0;1870.8289999999997;762
2018-01-01;RO;1593.0;31100.0;2618.0;88.0;8087.5109999999995;5817
2018-01-01;AC;0.0;0.0;0.0;0.0;45.497;0
2018-01-01;AM;718.0;7.0;1.0;41.0;1706.002;688
2018-01-01;AP;5362.0;226.0;19.0;295.0;1050.1100000000001;351
2018-03-01;MG;59279.0;4557.0;379.0;3416.0;15929.638999999997;3806
2018-03-01;SP;21107.0;10329.0;870.0;1215.0;21803.08699999999;7441
2018-03-01;RJ;2625.0;392.0;33.0;153.0;13377.022000000003;4296
2018-03-01;GO;20346.0;2912.0;242.0;1184.0;7632.938;2636
2018-03-01;AL;22432.0;0.0;0.0;1297.0;4481.891;520
2018-03-01;PE;9591.0;43.0;3.0;555.0;4363.522000000001;1005
2018-03-01;SE;21672.0;0.0;0.0;1257.0;3255.0;504
2018-03-01;BA;9519.0;54.0;5.0;551.0;7003.593999999998;1875
2018-03-01;PI;29.0;738.0;62.0;2.0;2034.0000000000011;754
2018-03-01;PR;14517.0;121610.0;4351.0;806.0;23626.564;13326
2018-03-01;SC;8800.0;1704.0;138.0;502.0;4370.396000000002;1365
2018-03-01;RS;14697.0;3828.0;317.0;841.0;10618.869000000008;2699
2018-03-01;PA;10383.0;53695.0;4520.0;595.0;22233.471999999998;11070
2018-03-01;RN;0.0;0.0;0.0;0.0;4665.883999999996;1133
2018-03-01;ES;377.0;799.0;68.0;23.0;1520.152;624
2018-03-01;MS;171.0;336.0;29.0;10.0;2981.4030000000002;669
2018-03-01;PB;16.0;0.0;0.0;1.0;736.254;121
2018-03-01;CE;0.0;0.0;0.0;0.0;4094.5439999999985;1010
2018-03-01;DF;8.0;40.0;3.0;0.0;40;16
2018-03-01;MT;707.0;3305.0;275.0;37.0;3250.7920000000004;1438
2018-03-01;MA;565.0;1720.0;145.0;32.0;3713.1069999999995;384
2018-03-01;TO;855.0;3965.0;334.0;51.0;1870.8289999999997;1097
2018-03-01;RO;3104.0;7927.0;666.0;180.0;8087.511;4659
2018-03-01;AC;0.0;0.0;0.0;0.0;45.497;0
2018-03-01;AM;998.0;0.0;0.0;58.0;1706.002;655
2018-03-01;AP;109.0;3943.0;333.0;6.0;1050.1100000000001;674
2018-02-01;MG;60734.0;7131.0;598.0;3334.0;15839.638999999997;3921
2018-02-01;SP;20466.0;13191.0;1113.0;1117.0;21713.08699999999;6679
2018-02-01;RJ;1799.0;585.0;49.0;100.0;13377.022000000003;4173
2018-02-01;GO;22109.0;2610.0;216.0;1214.0;7633.935;2534
2018-02-01;AL;25701.0;0.0;0.0;1420.0;4481.891;561
2018-02-01;PE;11021.0;4.0;0.0;608.0;4363.522000000001;1234
2018-02-01;SE;24990.0;0.0;0.0;1382.0;3255.0;514
2018-02-01;BA;11553.0;116.0;10.0;638.0;6991.093999999998;1555
2018-02-01;PI;12.0;626.0;53.0;1.0;2034.0000000000011;518
2018-02-01;PR;1694.0;149492.0;6012.0;92.0;23626.564;15474
2018-02-01;SC;8097.0;1908.0;161.0;443.0;5221.974000000001;1637
2018-02-01;RS;16266.0;3284.0;276.0;868.0;10643.86900000001;2982
2018-02-01;PA;14317.0;17366.0;1462.0;803.0;22233.471999999998;9040
2018-02-01;RN;0.0;0.0;0.0;0.0;4665.883999999996;1041
2018-02-01;ES;631.0;602.0;51.0;35.0;1520.152;657
2018-02-01;MS;71.0;402.0;34.0;4.0;2982.067;440
2018-02-01;PB;21.0;0.0;0.0;1.0;736.254;143
2018-02-01;CE;0.0;0.0;0.0;0.0;3995.1439999999984;1392
2018-02-01;DF;34.0;42.0;3.0;2.0;40;16
2018-02-01;MT;1089.0;3873.0;323.0;59.0;3251.3830000000007;1502
2018-02-01;MA;0.0;6457.0;544.0;0.0;3713.1069999999995;965
2018-02-01;TO;261.0;4500.0;379.0;14.0;1870.8289999999997;1244
2018-02-01;RO;2823.0;11873.0;998.0;160.0;8087.5109999999995;5210
2018-02-01;AC;0.0;0.0;0.0;0.0;45.497;0
2018-02-01;AM;1069.0;0.0;0.0;59.0;1706.002;688
2018-02-01;AP;795.0;1474.0;124.0;44.0;1050.1100000000001;551
2018-09-01;MG;23077.0;9469.0;791.0;1371.0;15961.064999999997;4270
2018-09-01;SP;5909.0;19032.0;1601.0;350.0;21836.77499999999;8196
2018-09-01;RJ;803.0;1099.0;90.0;49.0;13379.022000000003;5703
2018-09-01;GO;4083.0;7529.0;631.0;241.0;7707.938;3165
2018-09-01;AL;13066.0;0.0;0.0;793.0;4481.891;586
2018-09-01;PE;5485.0;12.0;1.0;331.0;4363.522000000001;1587
2018-09-01;SE;12201.0;0.0;0.0;739.0;3255.0;589
2018-09-01;BA;4088.0;21.0;1.0;248.0;7670.316999999999;2438
2018-09-01;PI;43.0;137.0;11.0;3.0;2061.000000000001;1090
2018-09-01;PR;5481.0;92403.0;3529.0;310.0;23669.06;10012
2018-09-01;SC;587.0;15336.0;1286.0;28.0;4382.348000000002;2731
2018-09-01;RS;482.0;26154.0;2200.0;28.0;12821.320000000009;5490
2018-09-01;PA;63139.0;757.0;63.0;3797.0;22246.170000000002;3317
2018-09-01;RN;0.0;0.0;0.0;0.0;4819.1839999999975;2462
2018-09-01;ES;1423.0;44.0;3.0;88.0;1554.589;549
2018-09-01;MS;166.0;393.0;33.0;10.0;2940.384;1067
2018-09-01;PB;10.0;0.0;0.0;1.0;790.4540000000001;336
2018-09-01;CE;0.0;0.0;0.0;0.0;4094.5439999999985;1671
2018-09-01;MT;2254.0;938.0;78.0;137.0;3313.8720000000008;854
2018-09-01;MA;5078.0;0.0;0.0;307.0;3718.1069999999995;2347
2018-09-01;DF;53.0;8.0;1.0;3.0;30;5
2018-09-01;TO;1894.0;319.0;27.0;115.0;1909.6789999999999;639
2018-09-01;RO;26947.0;2411.0;203.0;1645.0;8087.511;1544
2018-09-01;AM;0.0;315.0;27.0;0.0;1706.002;760
2018-09-01;AP;1040.0;919.0;77.0;62.0;965.95;392
2018-08-01;MG;21370.0;8604.0;720.0;1138.0;15946.164999999997;4387
2018-08-01;SP;6539.0;30930.0;2603.0;342.0;21836.77499999999;9519
2018-08-01;RJ;783.0;1234.0;102.0;41.0;13379.702000000003;4613
2018-08-01;GO;7442.0;7489.0;629.0;401.0;7687.938;3204
2018-08-01;AL;14947.0;0.0;0.0;813.0;4481.891;571
2018-08-01;PE;6278.0;23.0;1.0;339.0;4363.522000000001;1312
2018-08-01;SE;13751.0;0.0;0.0;746.0;3255.0;595
2018-08-01;BA;6116.0;15.0;2.0;333.0;7395.016999999999;2523
2018-08-01;PI;44.0;130.0;11.0;3.0;2034.0000000000011;1103
2018-08-01;PR;13170.0;122572.0;4269.0;679.0;23653.06;10609
2018-08-01;SC;5605.0;4785.0;398.0;292.0;4382.348000000002;1740
2018-08-01;RS;2010.0;15492.0;1303.0;99.0;10620.060000000009;4224
2018-08-01;PA;61998.0;2016.0;170.0;3347.0;22246.170000000002;3707
2018-08-01;RN;0.0;0.0;0.0;0.0;4665.883999999996;2308
2018-08-01;ES;1229.0;64.0;4.0;66.0;1554.589;531
2018-08-01;MS;198.0;298.0;25.0;10.0;2940.384;1034
2018-08-01;PB;10.0;0.0;0.0;1.0;763.254;376
2018-08-01;CE;0.0;0.0;0.0;0.0;4094.5439999999985;1641
2018-08-01;DF;66.0;0.0;0.0;4.0;40;4
2018-08-01;MT;1834.0;1097.0;92.0;99.0;3311.8720000000008;907
2018-08-01;MA;6630.0;0.0;0.0;359.0;3718.1069999999995;2317
2018-08-01;TO;4458.0;77.0;6.0;244.0;1907.609;510
2018-08-01;RO;24686.0;2953.0;249.0;1356.0;8087.511;1966
2018-08-01;AM;245.0;32.0;3.0;14.0;1706.002;749
2018-08-01;AP;358.0;1937.0;162.0;20.0;965.95;531
2022-04-01;MG;39625.0;5190.0;362.0;2769.0;16304.381;4430
2022-04-01;SP;33719.0;1592.0;113.0;2361.0;22979.557;4987
2022-04-01;RJ;1341.0;1331.0;94.0;91.0;11333.491;3289
2022-04-01;GO;20961.0;1170.0;81.0;1469.0;7590.969000000001;2134
2022-04-01;AL;6530.0;382.0;28.0;455.0;4481.891;1465
2022-04-01;PE;2555.0;700.0;49.0;177.0;4610.705999999998;1143
2022-04-01;SE;3866.0;711.0;50.0;270.0;4848.1990000000005;1617
2022-04-01;BA;3087.0;1333.0;94.0;216.0;10649.610999999992;3828
2022-04-01;PI;133.0;292.0;20.0;9.0;4108.116000000001;1312
2022-04-01;PR;31642.0;14748.0;846.0;2222.0;24406.163999999993;8171
2022-04-01;SC;7265.0;5225.0;362.0;497.0;4536.600000000002;1642
2022-04-01;RS;16842.0;6199.0;439.0;1166.0;22293.650000000016;2635
2022-04-01;PA;35.0;95522.0;6803.0;2.0;22281.738;15510
2022-04-01;RN;0.0;0.0;0.0;0.0;7656.690999999999;1897
2022-04-01;ES;373.0;931.0;65.0;26.0;1591.148;514
2022-04-01;MS;174.0;43.0;2.0;11.0;2788.748;554
2022-04-01;PB;13.0;0.0;0.0;1.0;1428.1770000000006;232
2022-04-01;CE;0.0;0.0;0.0;0.0;5196.790999999999;503
2022-04-01;MT;1925.0;4820.0;341.0;136.0;3790.482000000002;1979
2022-04-01;DF;109.0;0.0;0.0;8.0;30;5
2022-04-01;TO;2360.0;2117.0;151.0;166.0;1940.6989999999998;968
2022-04-01;MA;362.0;1604.0;114.0;25.0;3900.6169999999984;770
2022-04-01;RO;311.0;25704.0;1830.0;21.0;8191.865000000001;6103
2022-04-01;AM;0.0;936.0;67.0;0.0;1407.194;819
2022-04-01;AP;58.0;2740.0;195.0;4.0;941.95;676
2022-01-01;MG;33363.0;12260.0;868.0;2371.0;16002.680999999999;4835
2022-01-01;SP;29188.0;4196.0;297.0;2078.0;22969.557;4757
2022-01-01;RJ;748.0;2256.0;160.0;53.0;11406.190999999999;5903
2022-01-01;GO;14825.0;5410.0;385.0;1053.0;7590.969000000001;2527
2022-01-01;AL;7664.0;615.0;44.0;546.0;4481.891;1363
2022-01-01;PE;3065.0;572.0;41.0;218.0;4606.3539999999975;1045
2022-01-01;SE;5343.0;1831.0;131.0;380.0;4770.64;2540
2022-01-01;BA;1651.0;3644.0;261.0;116.0;10467.660999999991;3060
2022-01-01;PI;159.0;621.0;44.0;11.0;3948.616000000001;930
2022-01-01;PR;48049.0;8450.0;600.0;3420.0;24296.663999999993;6513
2022-01-01;SC;12626.0;698.0;43.0;886.0;4536.225000000002;1206
2022-01-01;RS;20242.0;2681.0;192.0;1437.0;22290.326000000012;2412
2022-01-01;PA;246.0;102993.0;7335.0;17.0;22281.738;15884
2022-01-01;RN;0.0;0.0;0.0;0.0;7228.781000000001;1964
2022-01-01;ES;500.0;1635.0;115.0;35.0;1590.788;742
2022-01-01;MS;127.0;113.0;8.0;9.0;2797.748;568
2022-01-01;PB;13.0;0.0;0.0;1.0;1374.1770000000006;188
2022-01-01;CE;0.0;0.0;0.0;0.0;5125.391;746
2022-01-01;MT;1465.0;7130.0;505.0;105.0;3790.482000000002;2447
2022-01-01;DF;49.0;0.0;0.0;4.0;30;8
2022-01-01;TO;339.0;4607.0;329.0;25.0;1932.6789999999999;1266
2022-01-01;MA;690.0;734.0;52.0;50.0;3900.6169999999984;690
2022-01-01;RO;302.0;20108.0;1431.0;21.0;8191.865000000001;5801
2022-01-01;AM;375.0;133.0;9.0;27.0;1407.194;724
2022-01-01;AP;651.0;1004.0;71.0;46.0;941.95;516
2022-02-01;MG;30663.0;15066.0;1067.0;2175.0;16101.680999999999;5661
2022-02-01;SP;30979.0;8236.0;584.0;2204.0;22969.557;5346
2022-02-01;RJ;866.0;1741.0;124.0;61.0;11380.291;5119
2022-02-01;GO;20321.0;4306.0;307.0;1444.0;7590.969000000001;2415
2022-02-01;AL;5301.0;346.0;25.0;377.0;4481.891;1642
2022-02-01;PE;1369.0;1051.0;75.0;97.0;4607.8539999999975;1291
2022-02-01;SE;1210.0;5374.0;382.0;86.0;4848.1990000000005;2219
2022-02-01;BA;719.0;4728.0;337.0;52.0;10502.560999999992;3389
2022-02-01;PI;159.0;388.0;28.0;11.0;3948.616000000001;928
2022-02-01;PR;54418.0;5267.0;372.0;3872.0;24296.663999999993;6482
2022-02-01;SC;13683.0;545.0;35.0;968.0;4536.600000000002;1134
2022-02-01;RS;24607.0;1532.0;108.0;1754.0;22290.340000000015;1956
2022-02-01;PA;31.0;99620.0;7095.0;2.0;22281.738;15888
2022-02-01;RN;0.0;0.0;0.0;0.0;7228.781000000001;2271
2022-02-01;ES;907.0;1631.0;115.0;63.0;1590.788;704
2022-02-01;MS;272.0;71.0;5.0;19.0;2762.748;451
2022-02-01;PB;14.0;0.0;0.0;1.0;1401.1770000000006;199
2022-02-01;CE;0.0;0.0;0.0;0.0;5125.391;881
2022-02-01;MT;1351.0;5911.0;419.0;94.0;3874.482000000002;2595
2022-02-01;DF;21.0;54.0;4.0;1.0;30;15
2022-02-01;TO;378.0;4149.0;295.0;26.0;1940.6989999999998;1287
2022-02-01;MA;1316.0;656.0;48.0;93.0;3900.6169999999984;777
2022-02-01;RO;203.0;28311.0;2017.0;14.0;8191.865000000001;6674
2022-02-01;AM;465.0;148.0;11.0;33.0;1407.194;718
2022-02-01;AP;744.0;878.0;63.0;52.0;941.95;535
2022-03-01;MG;30062.0;13494.0;949.0;2084.0;16304.381;5826
2022-03-01;SP;25544.0;7084.0;502.0;1777.0;22969.557;5920
2022-03-01;RJ;1579.0;854.0;59.0;110.0;11380.291;4053
2022-03-01;GO;17964.0;5844.0;413.0;1250.0;7590.969000000001;2835
2022-03-01;AL;6908.0;215.0;15.0;476.0;4481.891;1566
2022-03-01;PE;2680.0;972.0;70.0;188.0;4607.8539999999975;1224
2022-03-01;SE;2449.0;2827.0;201.0;169.0;4848.1990000000005;2000
2022-03-01;BA;1417.0;4087.0;291.0;97.0;10602.24599999999;4387
2022-03-01;PI;293.0;154.0;11.0;20.0;3948.616000000001;1169
2022-03-01;PR;47678.0;7722.0;287.0;3335.0;24296.663999999993;7218
2022-03-01;SC;11223.0;3391.0;229.0;775.0;4536.600000000002;1505
2022-03-01;RS;25939.0;1624.0;111.0;1810.0;22290.340000000015;2065
2022-03-01;PA;7.0;88687.0;6316.0;0.0;22281.738;15298
2022-03-01;RN;0.0;0.0;0.0;0.0;7388.380999999999;1805
2022-03-01;ES;216.0;1336.0;93.0;15.0;1590.788;612
2022-03-01;MS;275.0;26.0;2.0;19.0;2762.748;379
2022-03-01;PB;14.0;0.0;0.0;1.0;1428.1770000000006;230
2022-03-01;CE;0.0;0.0;0.0;0.0;5196.790999999999;552
2022-03-01;MT;1310.0;5916.0;423.0;91.0;3790.482000000002;2680
2022-03-01;DF;31.0;101.0;7.0;2.0;30;18
2022-03-01;TO;979.0;3391.0;243.0;68.0;1940.6989999999998;1210
2022-03-01;MA;1293.0;291.0;20.0;90.0;3900.6169999999984;604
2022-03-01;RO;137.0;27245.0;1941.0;10.0;8191.865000000001;6677
2022-03-01;AM;25.0;911.0;65.0;2.0;1407.194;813
2022-03-01;AP;159.0;2009.0;144.0;11.0;941.95;643
2021-09-01;MG;30747.0;6602.0;513.0;1578.0;15951.160999999998;3687
2021-09-01;SP;11035.0;19112.0;1499.0;566.0;22820.877;7577
2021-09-01;RJ;1602.0;1278.0;101.0;83.0;11406.190999999999;5671
2021-09-01;GO;9269.0;6225.0;489.0;493.0;7590.969000000001;2685
2021-09-01;AL;3492.0;3114.0;245.0;166.0;4481.891;1329
2021-09-01;PE;1383.0;1900.0;150.0;66.0;4444.8539999999975;2181
2021-09-01;SE;967.0;4318.0;339.0;44.0;4770.64;2477
2021-09-01;BA;2695.0;918.0;72.0;137.0;10026.567999999992;4407
2021-09-01;PI;24.0;306.0;24.0;1.0;3822.784000000001;1737
2021-09-01;PR;16626.0;107369.0;2917.0;784.0;24127.978;8781
2021-09-01;SC;6300.0;11553.0;897.0;263.0;4524.825000000002;2290
2021-09-01;RS;6328.0;22456.0;1761.0;261.0;22350.62100000001;6088
2021-09-01;PA;62300.0;815.0;65.0;3151.0;22281.738;2825
2021-09-01;RN;0.0;0.0;0.0;0.0;6937.731;3391
2021-09-01;ES;1860.0;92.0;5.0;99.0;1590.221;497
2021-09-01;MS;78.0;194.0;16.0;5.0;2795.748;1071
2021-09-01;PB;12.0;0.0;0.0;1.0;1199.1270000000006;585
2021-09-01;CE;0.0;0.0;0.0;0.0;5065.561;2422
2021-09-01;MT;4714.0;874.0;69.0;245.0;3705.5220000000018;951
2021-09-01;DF;73.0;2.0;0.0;4.0;30;4
2021-09-01;TO;645.0;1589.0;123.0;37.0;1932.6789999999999;722
2021-09-01;MA;3631.0;76.0;6.0;190.0;3900.6169999999984;2489
2021-09-01;RO;30376.0;2272.0;178.0;1539.0;8182.865000000001;1265
2021-09-01;AM;7.0;1677.0;132.0;0.0;1433.002;1048
2021-09-01;AP;337.0;1742.0;136.0;18.0;941.95;476
2021-08-01;MG;14928.0;12160.0;946.0;958.0;15951.160999999998;4598
2021-08-01;SP;7881.0;15291.0;1201.0;529.0;22411.57;7212
2021-08-01;RJ;822.0;1462.0;113.0;55.0;11406.190999999999;5474
2021-08-01;GO;5390.0;7958.0;625.0;357.0;7590.969000000001;2741
2021-08-01;AL;5271.0;706.0;56.0;343.0;4481.891;851
2021-08-01;PE;2007.0;648.0;50.0;129.0;4395.3539999999975;1951
2021-08-01;SE;2521.0;735.0;58.0;169.0;4770.64;1992
2021-08-01;BA;1806.0;936.0;72.0;119.0;9710.322999999993;4376
2021-08-01;PI;8.0;349.0;28.0;1.0;3779.752000000001;1857
2021-08-01;PR;7597.0;56557.0;2709.0;474.0;24118.128;8369
2021-08-01;SC;6830.0;3906.0;300.0;421.0;4521.5250000000015;1377
2021-08-01;RS;5480.0;15435.0;1205.0;329.0;22350.62100000001;4902
2021-08-01;PA;44735.0;1016.0;79.0;2935.0;22281.738;2752
2021-08-01;RN;0.0;0.0;0.0;0.0;6857.931;3571
2021-08-01;ES;962.0;145.0;11.0;63.0;1590.221;611
2021-08-01;MS;43.0;125.0;10.0;4.0;2795.748;1120
2021-08-01;PB;8.0;0.0;0.0;1.0;1105.5720000000003;552
2021-08-01;CE;0.0;0.0;0.0;0.0;5013.628;2240
2021-08-01;MT;3226.0;1117.0;89.0;213.0;3704.8470000000016;961
2021-08-01;DF;42.0;4.0;0.0;3.0;30;5
2021-08-01;TO;374.0;1857.0;145.0;25.0;1932.6789999999999;724
2021-08-01;MA;2356.0;71.0;6.0;158.0;3900.6169999999984;2403
2021-08-01;RO;17845.0;3286.0;258.0;1169.0;8118.865000000001;1534
2021-08-01;AM;0.0;1763.0;138.0;0.0;1433.002;1148
2021-08-01;AP;18.0;4611.0;362.0;1.0;941.95;676
2021-01-01;MG;29199.0;10814.0;842.0;1482.0;15992.040999999997;5259
2021-01-01;SP;19320.0;10927.0;857.0;996.0;22136.803999999996;5962
2021-01-01;RJ;954.0;3015.0;237.0;44.0;10067.891;5304
2021-01-01;GO;15794.0;3398.0;263.0;804.0;7478.469000000001;2388
2021-01-01;AL;12968.0;244.0;19.0;681.0;4481.891;1037
2021-01-01;PE;5263.0;130.0;10.0;274.0;4263.797999999998;1717
2021-01-01;SE;9856.0;375.0;30.0;516.0;4770.64;1141
2021-01-01;BA;5663.0;712.0;56.0;297.0;9000.543999999994;3146
2021-01-01;PI;228.0;46.0;4.0;12.0;3597.9700000000007;970
2021-01-01;PR;14854.0;100251.0;2917.0;776.0;24052.658;10806
2021-01-01;SC;4844.0;7499.0;585.0;277.0;4494.890000000002;2181
2021-01-01;RS;17207.0;6363.0;496.0;946.0;22312.199000000015;3713
2021-01-01;PA;41404.0;11781.0;926.0;2114.0;22281.738;6339
2021-01-01;RN;0.0;0.0;0.0;0.0;5565.746;2491
2021-01-01;ES;1215.0;942.0;73.0;60.0;1578.209;700
2021-01-01;PB;15.0;0.0;0.0;1.0;899.4320000000001;277
2021-01-01;CE;0.0;0.0;0.0;0.0;4665.3640000000005;2223
2021-01-01;MT;1996.0;2641.0;206.0;113.0;3706.3470000000016;1955
2021-01-01;MS;54.0;190.0;14.0;3.0;2507.8129999999996;690
2021-01-01;DF;23.0;62.0;5.0;1.0;30;14
2021-01-01;TO;2200.0;1326.0;104.0;106.0;1932.6789999999999;814
2021-01-01;MA;2170.0;1237.0;97.0;115.0;3900.6169999999984;2432
2021-01-01;RO;518.0;25998.0;2041.0;28.0;8117.615000000001;5820
2021-01-01;AM;1110.0;27.0;2.0;60.0;1433.002;922
2021-01-01;AP;1999.0;871.0;69.0;121.0;1043.95;427
2021-03-01;MG;42371.0;2846.0;216.0;3093.0;15863.540999999997;4437
2021-03-01;SP;29578.0;2199.0;171.0;2165.0;22138.23;5246
2021-03-01;RJ;1558.0;747.0;59.0;115.0;11406.190999999999;5486
2021-03-01;GO;18448.0;2486.0;191.0;1344.0;7478.469000000001;2349
2021-03-01;AL;14713.0;0.0;0.0;1079.0;4481.891;845
2021-03-01;PE;6160.0;2.0;0.0;452.0;4323.797999999998;688
2021-03-01;SE;12374.0;0.0;0.0;905.0;4770.64;953
2021-03-01;BA;5235.0;353.0;28.0;384.0;9143.043999999994;2536
2021-03-01;PI;53.0;530.0;42.0;4.0;3736.7200000000007;788
2021-03-01;PR;13879.0;30728.0;1423.0;1011.0;24066.158;10133
2021-03-01;SC;10270.0;1635.0;125.0;741.0;4496.225000000002;1539
2021-03-01;RS;20356.0;2000.0;154.0;1480.0;22342.199000000015;2342
2021-03-01;PA;285.0;102599.0;8053.0;21.0;22281.738;16641
2021-03-01;RN;0.0;0.0;0.0;0.0;5741.451;1600
2021-03-01;ES;398.0;840.0;65.0;29.0;1579.721;800
2021-03-01;PB;12.0;0.0;0.0;1.0;899.9720000000001;88
2021-03-01;CE;0.0;0.0;0.0;0.0;4724.164;517
2021-03-01;MT;1282.0;5164.0;403.0;91.0;3706.3470000000016;2047
2021-03-01;MS;309.0;17.0;1.0;22.0;2618.632;726
2021-03-01;DF;1.0;74.0;6.0;0.0;30;18
2021-03-01;TO;1342.0;3868.0;305.0;99.0;1932.6789999999999;1182
2021-03-01;MA;0.0;8447.0;663.0;0.0;3900.6169999999984;944
2021-03-01;RO;4816.0;12053.0;947.0;354.0;8117.615000000001;5347
2021-03-01;AM;117.0;413.0;32.0;9.0;1433.002;957
2021-03-01;AP;15.0;6548.0;513.0;1.0;1043.95;761
2021-02-01;MG;52091.0;7102.0;551.0;2607.0;15994.540999999997;4591
2021-02-01;SP;33499.0;4763.0;371.0;1720.0;22138.23;5417
2021-02-01;RJ;1456.0;1923.0;151.0;68.0;11406.190999999999;4443
2021-02-01;GO;27569.0;1541.0;117.0;1368.0;7478.469000000001;2096
2021-02-01;AL;19442.0;0.0;0.0;992.0;4481.891;908
2021-02-01;PE;8096.0;0.0;0.0;415.0;4293.797999999998;1276
2021-02-01;SE;15724.0;0.0;0.0;810.0;4770.64;1016
2021-02-01;BA;6629.0;792.0;63.0;327.0;9075.543999999994;1993
2021-02-01;PI;364.0;149.0;11.0;18.0;3657.9700000000007;625
2021-02-01;PR;16300.0;142803.0;3868.0;839.0;24052.658;12687
2021-02-01;SC;5744.0;7642.0;591.0;331.0;4497.290000000002;2280
2021-02-01;RS;23340.0;5601.0;434.0;1221.0;22312.199000000015;3861
2021-02-01;PA;36911.0;48294.0;3791.0;1576.0;22281.738;10605
2021-02-01;RN;0.0;0.0;0.0;0.0;5647.896;1881
2021-02-01;ES;979.0;1009.0;80.0;43.0;1578.209;777
2021-02-01;PB;16.0;0.0;0.0;1.0;899.9720000000001;166
2021-02-01;CE;0.0;0.0;0.0;0.0;4694.764;1650
2021-02-01;MT;2317.0;4134.0;321.0;109.0;3706.3470000000016;2006
2021-02-01;MS;165.0;50.0;4.0;9.0;2507.8129999999996;539
2021-02-01;DF;21.0;58.0;5.0;1.0;30;16
2021-02-01;TO;1857.0;3921.0;307.0;79.0;1932.6789999999999;1192
2021-02-01;MA;774.0;3848.0;303.0;31.0;3900.6169999999984;1745
2021-02-01;RO;1737.0;18895.0;1483.0;100.0;8117.615000000001;5804
2021-02-01;AM;420.0;440.0;35.0;21.0;1433.002;956
2021-02-01;AP;192.0;2652.0;209.0;10.0;1043.95;704
2021-06-01;MG;16028.0;11277.0;878.0;1189.0;15951.160999999998;4926
2021-06-01;SP;11774.0;7778.0;609.0;885.0;22150.28;6931
2021-06-01;RJ;927.0;989.0;77.0;69.0;11406.190999999999;4681
2021-06-01;GO;5986.0;4478.0;347.0;449.0;7543.469000000001;2726
2021-06-01;AL;5787.0;252.0;20.0;437.0;4481.891;938
2021-06-01;PE;2268.0;362.0;28.0;170.0;4395.3539999999975;1645
2021-06-01;SE;3405.0;144.0;11.0;258.0;4770.64;1078
2021-06-01;BA;3066.0;119.0;8.0;231.0;9248.187999999995;3710
2021-06-01;PI;44.0;171.0;13.0;3.0;3736.7200000000007;1629
2021-06-01;PR;16558.0;14717.0;775.0;1229.0;24118.128;6565
2021-06-01;SC;6245.0;5778.0;444.0;455.0;4499.875000000002;1509
2021-06-01;RS;10477.0;9424.0;736.0;776.0;22348.75100000001;3712
2021-06-01;PA;16362.0;6670.0;523.0;1230.0;22281.738;6143
2021-06-01;RN;0.0;0.0;0.0;0.0;6440.611;2322
2021-06-01;ES;666.0;320.0;22.0;48.0;1579.721;632
2021-06-01;PB;9.0;0.0;0.0;1.0;969.994;424
2021-06-01;CE;0.0;0.0;0.0;0.0;4724.164;1615
2021-06-01;MT;755.0;1922.0;147.0;56.0;3706.3470000000016;1507
2021-06-01;MS;164.0;35.0;3.0;12.0;2618.632;923
2021-06-01;DF;57.0;1.0;0.0;4.0;30;4
2021-06-01;TO;1299.0;1036.0;79.0;97.0;1932.6789999999999;704
2021-06-01;MA;2776.0;18.0;1.0;207.0;3900.6169999999984;2100
2021-06-01;RO;238.0;33167.0;2604.0;18.0;8117.615000000001;5400
2021-06-01;AM;0.0;1860.0;146.0;0.0;1433.002;1020
2021-06-01;AP;39.0;4399.0;345.0;2.0;989.95;609
2021-12-01;MG;30666.0;9801.0;759.0;2238.0;15952.080999999998;4193
2021-12-01;SP;19553.0;4013.0;312.0;1443.0;22969.557;4743
2021-12-01;RJ;800.0;1543.0;121.0;56.0;11406.190999999999;5826
2021-12-01;GO;12399.0;5540.0;436.0;918.0;7590.969000000001;2323
2021-12-01;AL;11209.0;18.0;1.0;824.0;4481.891;834
2021-12-01;PE;4573.0;16.0;1.0;336.0;4606.3539999999975;1019
2021-12-01;SE;8654.0;9.0;1.0;637.0;4770.64;2123
2021-12-01;BA;3615.0;3301.0;258.0;268.0;10467.660999999991;2781
2021-12-01;PI;4.0;1207.0;95.0;0.0;3948.616000000001;1122
2021-12-01;PR;23713.0;18346.0;776.0;1810.0;24296.663999999993;6864
2021-12-01;SC;8981.0;1545.0;116.0;658.0;4536.225000000002;1319
2021-12-01;RS;15321.0;3727.0;289.0;1138.0;21720.326000000012;3118
2021-12-01;PA;2090.0;56426.0;4428.0;131.0;22281.738;12096
2021-12-01;RN;0.0;0.0;0.0;0.0;7228.781000000001;2794
2021-12-01;ES;57.0;2523.0;199.0;3.0;1590.788;851
2021-12-01;MS;85.0;279.0;21.0;5.0;2797.748;665
2021-12-01;PB;12.0;0.0;0.0;1.0;1374.1770000000006;287
2021-12-01;CE;0.0;0.0;0.0;0.0;5124.361;1743
2021-12-01;MT;1211.0;4285.0;336.0;93.0;3790.482000000002;2174
2021-12-01;DF;27.0;1.0;0.0;2.0;30;8
2021-12-01;TO;202.0;7278.0;572.0;13.0;1932.6789999999999;1419
2021-12-01;MA;129.0;6914.0;543.0;8.0;3900.6169999999984;1736
2021-12-01;RO;933.0;18679.0;1465.0;57.0;8191.865000000001;5404
2021-12-01;AM;104.0;1097.0;86.0;8.0;1407.194;949
2021-12-01;AP;2484.0;268.0;21.0;182.0;941.95;419
2021-07-01;MG;14149.0;8726.0;678.0;1024.0;15951.160999999998;4252
2021-07-01;SP;11218.0;8581.0;671.0;825.0;22403.77;6493
2021-07-01;RJ;894.0;1356.0;104.0;64.0;11406.190999999999;4998
2021-07-01;GO;8257.0;4804.0;374.0;603.0;7543.469000000001;2331
2021-07-01;AL;5042.0;114.0;9.0;369.0;4481.891;832
2021-07-01;PE;2045.0;398.0;31.0;150.0;4395.3539999999975;1695
2021-07-01;SE;3023.0;497.0;39.0;222.0;4770.64;1801
2021-07-01;BA;2359.0;381.0;30.0;172.0;9622.122999999992;3943
2021-07-01;PI;10.0;348.0;28.0;1.0;3779.752000000001;1851
2021-07-01;PR;9150.0;36271.0;2244.0;660.0;24118.128;8102
2021-07-01;SC;3173.0;8149.0;629.0;217.0;4509.840000000002;1765
2021-07-01;RS;4149.0;19116.0;1494.0;286.0;22350.62100000001;4644
2021-07-01;PA;36539.0;1339.0;104.0;2681.0;22281.738;3510
2021-07-01;RN;0.0;0.0;0.0;0.0;6583.411;2945
2021-07-01;ES;725.0;237.0;17.0;54.0;1590.221;648
2021-07-01;MS;45.0;110.0;8.0;3.0;2795.748;1103
2021-07-01;PB;7.0;0.0;0.0;1.0;1105.1290000000001;389
2021-07-01;CE;0.0;0.0;0.0;0.0;4724.164;1953
2021-07-01;MT;1588.0;1333.0;103.0;115.0;3706.3470000000016;1269
2021-07-01;DF;67.0;2.0;0.0;5.0;30;3
2021-07-01;TO;421.0;1553.0;121.0;30.0;1932.6789999999999;718
2021-07-01;MA;1907.0;87.0;7.0;141.0;3900.6169999999984;2122
2021-07-01;RO;4245.0;12073.0;948.0;311.0;8117.615000000001;3259
2021-07-01;AM;4.0;1406.0;110.0;0.0;1433.002;1132
2021-07-01;AP;413.0;2560.0;201.0;30.0;941.95;558
2021-11-01;MG;30567.0;12849.0;1001.0;1637.0;15952.080999999998;4523
2021-11-01;SP;15845.0;9206.0;722.0;854.0;22969.557;5652
2021-11-01;RJ;835.0;1482.0;116.0;43.0;11406.190999999999;6557
2021-11-01;GO;11938.0;3760.0;296.0;630.0;7590.969000000001;2495
2021-11-01;AL;8152.0;495.0;39.0;474.0;4481.891;1035
2021-11-01;PE;3153.0;461.0;36.0;185.0;4506.3539999999975;1818
2021-11-01;SE;5392.0;967.0;76.0;327.0;4770.64;2169
2021-11-01;BA;3585.0;1538.0;122.0;189.0;10196.760999999991;2954
2021-11-01;PI;7.0;1280.0;100.0;0.0;3948.616000000001;1058
2021-11-01;PR;21097.0;86063.0;2205.0;1122.0;24272.063999999995;8587
2021-11-01;SC;4625.0;5820.0;453.0;255.0;4534.605000000002;1950
2021-11-01;RS;13790.0;6785.0;530.0;750.0;21714.826000000012;3641
2021-11-01;PA;32433.0;29748.0;2336.0;1583.0;22281.738;7702
2021-11-01;RN;0.0;0.0;0.0;0.0;7169.981000000001;2879
2021-11-01;ES;61.0;2046.0;161.0;3.0;1590.221;834
2021-11-01;MS;69.0;125.0;9.0;5.0;2797.748;920
2021-11-01;PB;12.0;0.0;0.0;1.0;1304.8770000000006;460
2021-11-01;CE;0.0;0.0;0.0;0.0;5124.361;2213
2021-11-01;MT;2101.0;3392.0;265.0;102.0;3789.5220000000018;1654
2021-11-01;DF;20.0;5.0;0.0;1.0;30;8
2021-11-01;TO;475.0;5008.0;392.0;22.0;1932.6789999999999;1121
2021-11-01;MA;575.0;2835.0;223.0;25.0;3900.6169999999984;2590
2021-11-01;RO;20976.0;3086.0;242.0;1072.0;8191.865000000001;2566
2021-11-01;AM;11.0;1253.0;98.0;1.0;1402.098;1165
2021-11-01;AP;2927.0;423.0;34.0;159.0;941.95;347
2021-05-01;MG;36174.0;4116.0;317.0;2469.0;15885.160999999998;4076
2021-05-01;SP;20089.0;3873.0;303.0;1382.0;22153.48;6795
2021-05-01;RJ;1586.0;539.0;40.0;107.0;11406.190999999999;4112
2021-05-01;GO;14655.0;3867.0;302.0;1004.0;7478.469000000001;2745
2021-05-01;AL;7948.0;48.0;4.0;543.0;4481.891;1029
2021-05-01;PE;3167.0;59.0;5.0;218.0;4386.797999999998;1073
2021-05-01;SE;5144.0;55.0;4.0;350.0;4770.64;1173
2021-05-01;BA;3833.0;112.0;9.0;262.0;9151.387999999995;3239
2021-05-01;PI;118.0;105.0;8.0;8.0;3736.7200000000007;1512
2021-05-01;PR;27237.0;30934.0;736.0;1878.0;24572.468;6561
2021-05-01;SC;16626.0;381.0;25.0;1129.0;4499.875000000002;681
2021-05-01;RS;22832.0;1638.0;124.0;1564.0;22348.871000000014;2122
2021-05-01;PA;253.0;82419.0;6470.0;15.0;22281.738;13088
2021-05-01;RN;0.0;0.0;0.0;0.0;6188.061;1946
2021-05-01;ES;995.0;163.0;10.0;67.0;1579.721;639
2021-05-01;PB;12.0;0.0;0.0;1.0;899.9720000000001;103
2021-05-01;CE;0.0;0.0;0.0;0.0;4724.164;813
2021-05-01;MT;1181.0;2881.0;225.0;81.0;4235.547000000002;1641
2021-05-01;MS;451.0;23.0;2.0;31.0;2618.632;886
2021-05-01;DF;47.0;1.0;0.0;3.0;30;7
2021-05-01;TO;4503.0;175.0;14.0;302.0;1932.6789999999999;570
2021-05-01;MA;1357.0;780.0;60.0;88.0;3900.6169999999984;1648
2021-05-01;RO;402.0;28540.0;2241.0;25.0;8117.615000000001;5940
2021-05-01;AM;81.0;1002.0;79.0;6.0;1433.002;896
2021-05-01;AP;17.0;6997.0;549.0;1.0;1043.95;741
2021-04-01;MG;35902.0;2489.0;190.0;2766.0;15863.540999999997;4251
2021-04-01;SP;21239.0;3369.0;265.0;1641.0;22153.48;6229
2021-04-01;RJ;1354.0;508.0;40.0;106.0;11406.190999999999;4721
2021-04-01;GO;17518.0;2441.0;191.0;1355.0;7478.469000000001;2460
2021-04-01;AL;8285.0;0.0;0.0;643.0;4481.891;1054
2021-04-01;PE;3421.0;26.0;1.0;265.0;4323.797999999998;854
2021-04-01;SE;5799.0;6.0;1.0;450.0;4770.64;1195
2021-04-01;BA;3828.0;154.0;12.0;297.0;9119.943999999994;2744
2021-04-01;PI;55.0;496.0;39.0;4.0;3736.7200000000007;1100
2021-04-01;PR;24002.0;8200.0;455.0;1853.0;24086.158;6955
2021-04-01;SC;13147.0;429.0;32.0;1009.0;4498.489000000002;900
2021-04-01;RS;20810.0;1209.0;93.0;1600.0;22348.871000000014;2347
2021-04-01;PA;50.0;108383.0;8509.0;3.0;22281.738;15885
2021-04-01;RN;0.0;0.0;0.0;0.0;5890.105999999999;1831
2021-04-01;ES;552.0;496.0;39.0;41.0;1579.721;674
2021-04-01;PB;11.0;0.0;0.0;1.0;899.9720000000001;93
2021-04-01;CE;0.0;0.0;0.0;0.0;4724.164;649
2021-04-01;MT;1061.0;4161.0;323.0;82.0;3706.3470000000016;1932
2021-04-01;MS;497.0;2.0;0.0;37.0;2618.632;807
2021-04-01;DF;8.0;86.0;7.0;1.0;30;17
2021-04-01;TO;3069.0;386.0;29.0;236.0;1932.6789999999999;696
2021-04-01;MA;92.0;5990.0;470.0;7.0;3900.6169999999984;1043
2021-04-01;RO;744.0;15529.0;1218.0;57.0;8117.615000000001;5192
2021-04-01;AM;107.0;299.0;23.0;8.0;1433.002;884
2021-04-01;AP;22.0;6914.0;542.0;1.0;1043.95;753
2021-10-01;MG;40590.0;7402.0;573.0;1721.0;15951.160999999998;3598
2021-10-01;SP;20158.0;7622.0;599.0;857.0;22959.557;5717
2021-10-01;RJ;869.0;1830.0;143.0;37.0;11406.190999999999;6680
2021-10-01;GO;16222.0;2856.0;224.0;694.0;7590.969000000001;2135
2021-10-01;AL;8287.0;1238.0;97.0;329.0;4481.891;1049
2021-10-01;PE;3249.0;775.0;61.0;128.0;4506.3539999999975;1942
2021-10-01;SE;4488.0;1697.0;133.0;180.0;4770.64;2140
2021-10-01;BA;4575.0;468.0;37.0;192.0;10124.268999999991;3815
2021-10-01;PI;19.0;260.0;20.0;1.0;3905.5840000000007;1343
2021-10-01;PR;20595.0;163555.0;4131.0;822.0;24137.003999999997;10045
2021-10-01;SC;1614.0;15157.0;1184.0;60.0;4529.505000000002;2765
2021-10-01;RS;6915.0;22707.0;1774.0;265.0;21714.826000000012;5334
2021-10-01;PA;62716.0;8059.0;633.0;2681.0;22281.738;3849
2021-10-01;RN;0.0;0.0;0.0;0.0;7034.331;3058
2021-10-01;ES;759.0;1198.0;93.0;34.0;1590.221;664
2021-10-01;MS;72.0;267.0;21.0;3.0;2795.748;1047
2021-10-01;PB;15.0;0.0;0.0;1.0;1212.9870000000005;558
2021-10-01;CE;0.0;0.0;0.0;0.0;5124.361;2411
2021-10-01;MT;4456.0;1549.0;120.0;193.0;3789.5220000000018;1184
2021-10-01;DF;36.0;9.0;1.0;2.0;30;7
2021-10-01;TO;1990.0;794.0;61.0;87.0;1932.6789999999999;612
2021-10-01;MA;5242.0;25.0;2.0;228.0;3900.6169999999984;2442
2021-10-01;RO;34771.0;1360.0;106.0;1502.0;8191.865000000001;1406
2021-10-01;AM;13.0;1061.0;83.0;1.0;1433.002;1082
2021-10-01;AP;2793.0;566.0;44.0;120.0;941.95;324
2019-08-01;MG;12550.0;16336.0;1311.0;694.0;16228.137999999999;5537
2019-08-01;SP;5176.0;21113.0;1701.0;279.0;22047.750999999993;8685
2019-08-01;RJ;1321.0;1517.0;121.0;75.0;13394.954000000003;4717
2019-08-01;GO;6362.0;7165.0;577.0;362.0;7580.969;2905
2019-08-01;AL;10099.0;0.0;0.0;566.0;4481.891;759
2019-08-01;PE;4149.0;84.0;6.0;231.0;4402.530000000002;1340
2019-08-01;SE;7211.0;0.0;0.0;416.0;3255.0;869
2019-08-01;BA;4054.0;172.0;14.0;230.0;8225.023999999998;3301
2019-08-01;PI;28.0;187.0;15.0;2.0;2229.000000000001;1322
2019-08-01;PR;2606.0;95136.0;3697.0;130.0;24039.758;10584
2019-08-01;SC;7041.0;2378.0;191.0;375.0;4412.320000000002;1368
2019-08-01;RS;3860.0;12678.0;1016.0;203.0;19855.18400000001;3574
2019-08-01;PA;66985.0;594.0;48.0;3797.0;22246.170000000002;2891
2019-08-01;RN;0.0;0.0;0.0;0.0;5009.583999999999;2551
2019-08-01;ES;2411.0;0.0;0.0;138.0;1577.969;403
2019-08-01;MS;53.0;299.0;24.0;3.0;3029.663;1153
2019-08-01;PB;11.0;0.0;0.0;1.0;848.9320000000001;137
2019-08-01;CE;0.0;0.0;0.0;0.0;4406.244;1802
2019-08-01;MT;1859.0;1337.0;106.0;107.0;4095.9250000000006;1464
2019-08-01;DF;27.0;4.0;0.0;2.0;30;5
2019-08-01;TO;4567.0;28.0;2.0;262.0;1914.6789999999999;417
2019-08-01;MA;5403.0;0.0;0.0;308.0;3813.206999999999;1739
2019-08-01;RO;18842.0;3057.0;247.0;1087.0;8091.055;1944
2019-08-01;AM;0.0;522.0;42.0;0.0;1617.002;1014
2019-08-01;AP;108.0;2115.0;171.0;6.0;965.95;533
2019-09-01;MG;11976.0;29105.0;2343.0;659.0;16267.262999999999;6965
2019-09-01;SP;2441.0;34714.0;2798.0;133.0;22017.59099999999;10160
2019-09-01;RJ;1619.0;1370.0;109.0;90.0;13394.954000000003;4718
2019-09-01;GO;6201.0;9557.0;769.0;341.0;7580.969;3291
2019-09-01;AL;12141.0;0.0;0.0;666.0;4481.891;779
2019-09-01;PE;5073.0;54.0;4.0;276.0;4403.006000000001;1342
2019-09-01;SE;9153.0;0.0;0.0;511.0;3255.0;875
2019-09-01;BA;4241.0;119.0;9.0;233.0;8237.023999999998;3176
2019-09-01;PI;106.0;138.0;11.0;6.0;2229.000000000001;1204
2019-09-01;PR;10035.0;108475.0;3641.0;514.0;24078.758;10658
2019-09-01;SC;8756.0;862.0;66.0;475.0;4413.328000000002;1103
2019-09-01;RS;5438.0;6325.0;508.0;287.0;19855.18400000001;3079
2019-09-01;PA;68758.0;3030.0;245.0;3777.0;22246.170000000002;3643
2019-09-01;RN;0.0;0.0;0.0;0.0;5071.758999999999;2480
2019-09-01;ES;3071.0;0.0;0.0;170.0;1577.969;380
2019-09-01;MS;163.0;160.0;13.0;9.0;3047.663;984
2019-09-01;PB;10.0;0.0;0.0;1.0;848.9320000000001;134
2019-09-01;CE;0.0;0.0;0.0;0.0;4402.244;2109
2019-09-01;MT;3547.0;1028.0;84.0;196.0;4100.925000000001;1474
2019-09-01;DF;71.0;0.0;0.0;4.0;30;3
2019-09-01;TO;5290.0;53.0;4.0;296.0;1914.6789999999999;434
2019-09-01;MA;5596.0;0.0;0.0;307.0;3875.306999999999;2043
2019-09-01;RO;33603.0;2070.0;167.0;1865.0;8091.055;1232
2019-09-01;AM;0.0;1458.0;117.0;0.0;1617.002;1037
2019-09-01;AP;1656.0;420.0;34.0;95.0;965.95;342
2019-10-01;MG;11663.0;29585.0;2382.0;672.0;16267.262999999999;7193
2019-10-01;SP;2694.0;30531.0;2457.0;154.0;22118.590999999993;9938
2019-10-01;RJ;1738.0;1064.0;85.0;102.0;13394.954000000003;5430
2019-10-01;GO;3195.0;12112.0;976.0;181.0;7580.969;3745
2019-10-01;AL;11252.0;0.0;0.0;641.0;4481.891;896
2019-10-01;PE;4512.0;13.0;1.0;256.0;4403.006000000001;1464
2019-10-01;SE;8254.0;1.0;0.0;476.0;3255.0;993
2019-10-01;BA;4256.0;217.0;19.0;249.0;8267.023999999998;3101
2019-10-01;PI;64.0;371.0;30.0;4.0;2229.000000000001;1098
2019-10-01;PR;13847.0;85632.0;2731.0;743.0;24078.158;9939
2019-10-01;SC;5526.0;2066.0;163.0;305.0;4413.328000000002;1454
2019-10-01;RS;5638.0;9633.0;774.0;305.0;19855.18400000001;3459
2019-10-01;PA;61752.0;2864.0;231.0;3587.0;22246.170000000002;4230
2019-10-01;RN;0.0;0.0;0.0;0.0;5071.758999999999;2412
2019-10-01;ES;3083.0;0.0;0.0;180.0;1577.969;386
2019-10-01;MS;447.0;64.0;5.0;27.0;3047.663;921
2019-10-01;PB;10.0;0.0;0.0;1.0;848.9320000000001;137
2019-10-01;CE;0.0;0.0;0.0;0.0;4402.244;2211
2019-10-01;MT;3342.0;1243.0;100.0;196.0;4152.335000000001;1383
2019-10-01;DF;50.0;0.0;0.0;3.0;30;5
2019-10-01;TO;2623.0;466.0;37.0;153.0;1914.6789999999999;668
2019-10-01;MA;5071.0;0.0;0.0;291.0;3910.406999999999;2110
2019-10-01;RO;27379.0;2482.0;199.0;1585.0;8091.055;1714
2019-10-01;AM;0.0;1634.0;132.0;0.0;1617.002;1095
2019-10-01;AP;3766.0;172.0;14.0;221.0;965.95;229
2019-04-01;MG;52804.0;2471.0;194.0;3461.0;16200.358999999997;4429
2019-04-01;SP;19270.0;9461.0;762.0;1251.0;21949.374999999993;7473
2019-04-01;RJ;2820.0;407.0;32.0;189.0;13394.954000000003;3495
2019-04-01;GO;19022.0;3249.0;258.0;1248.0;7578.769;2745
2019-04-01;AL;17582.0;0.0;0.0;1153.0;4481.891;732
2019-04-01;PE;7396.0;0.0;0.0;484.0;4397.522000000001;925
2019-04-01;SE;15111.0;0.0;0.0;993.0;3255.0;828
2019-04-01;BA;9703.0;94.0;6.0;639.0;8137.623999999998;2070
2019-04-01;PI;7.0;804.0;65.0;0.0;2229.000000000001;649
2019-04-01;PR;6905.0;66517.0;2633.0;448.0;24031.56;11513
2019-04-01;SC;8732.0;2194.0;173.0;568.0;4395.0920000000015;1562
2019-04-01;RS;14047.0;4606.0;372.0;914.0;19509.320000000007;2963
2019-04-01;PA;0.0;60491.0;4875.0;0.0;22246.170000000002;11729
2019-04-01;RN;0.0;0.0;0.0;0.0;5009.583999999999;961
2019-04-01;ES;1103.0;54.0;5.0;73.0;1576.389;535
2019-04-01;MS;383.0;139.0;11.0;26.0;3009.384;771
2019-04-01;PB;15.0;0.0;0.0;1.0;844.6540000000001;226
2019-04-01;CE;0.0;0.0;0.0;0.0;4406.244;1187
2019-04-01;MT;1682.0;3346.0;270.0;112.0;3692.0450000000005;1551
2019-04-01;DF;2.0;78.0;6.0;0.0;30;22
2019-04-01;TO;471.0;2188.0;177.0;32.0;1914.6789999999999;1005
2019-04-01;MA;0.0;6493.0;523.0;0.0;3813.206999999999;808
2019-04-01;RO;4366.0;15228.0;1226.0;280.0;8091.055;5372
2019-04-01;AM;199.0;17.0;1.0;13.0;1722.002;798
2019-04-01;AP;162.0;3929.0;316.0;11.0;965.95;640
2019-05-01;MG;41942.0;1912.0;152.0;3029.0;16195.312999999998;3925
2019-05-01;SP;16286.0;5078.0;410.0;1168.0;21963.374999999993;7249
2019-05-01;RJ;1336.0;847.0;70.0;97.0;13394.954000000003;3010
2019-05-01;GO;16628.0;1922.0;152.0;1199.0;7578.769;2432
2019-05-01;AL;13667.0;0.0;0.0;985.0;4481.891;764
2019-05-01;PE;5771.0;0.0;0.0;417.0;4396.330000000002;811
2019-05-01;SE;11298.0;0.0;0.0;816.0;3255.0;876
2019-05-01;BA;7161.0;127.0;10.0;517.0;8183.023999999998;2512
2019-05-01;PI;48.0;161.0;13.0;4.0;2229.000000000001;820
2019-05-01;PR;11521.0;32902.0;1441.0;818.0;24042.33;9731
2019-05-01;SC;2888.0;6669.0;530.0;201.0;4395.0920000000015;2109
2019-05-01;RS;6811.0;10441.0;841.0;477.0;19854.320000000007;3678
2019-05-01;PA;0.0;45115.0;3636.0;0.0;22246.170000000002;11243
2019-05-01;RN;0.0;0.0;0.0;0.0;5009.583999999999;1463
2019-05-01;ES;1120.0;68.0;4.0;81.0;1577.529;518
2019-05-01;MS;207.0;207.0;17.0;15.0;3009.384;809
2019-05-01;PB;9.0;0.0;0.0;1.0;847.8340000000001;213
2019-05-01;CE;0.0;0.0;0.0;0.0;4406.244;1040
2019-05-01;MT;1188.0;3231.0;262.0;88.0;3692.0450000000005;1498
2019-05-01;DF;30.0;49.0;4.0;2.0;30;14
2019-05-01;TO;1723.0;165.0;13.0;125.0;1914.6789999999999;615
2019-05-01;MA;890.0;2953.0;238.0;64.0;3813.206999999999;544
2019-05-01;RO;368.0;24774.0;1997.0;27.0;8091.055;6237
2019-05-01;AM;84.0;57.0;5.0;6.0;1722.002;798
2019-05-01;AP;0.0;4304.0;348.0;0.0;965.95;669
2019-11-01;MG;8430.0;17563.0;1413.0;493.0;16042.688999999998;6415
2019-11-01;SP;8338.0;13257.0;1068.0;504.0;22129.590999999993;7671
2019-11-01;RJ;1685.0;678.0;55.0;105.0;13394.954000000003;5157
2019-11-01;GO;5429.0;5756.0;462.0;328.0;7580.969;3164
2019-11-01;AL;9118.0;1.0;0.0;549.0;4481.891;1019
2019-11-01;PE;3663.0;0.0;0.0;221.0;4403.006000000001;1463
2019-11-01;SE;6078.0;1.0;0.0;372.0;4770.63;1123
2019-11-01;BA;3742.0;125.0;10.0;230.0;8361.663999999997;2666
2019-11-01;PI;0.0;352.0;28.0;0.0;2324.6800000000007;898
2019-11-01;PR;11218.0;70922.0;2496.0;645.0;24079.757999999998;9959
2019-11-01;SC;1050.0;13194.0;1056.0;58.0;4415.128000000002;2701
2019-11-01;RS;978.0;25107.0;2026.0;59.0;19856.38000000001;5367
2019-11-01;PA;65112.0;567.0;45.0;3910.0;22246.170000000002;3619
2019-11-01;RN;0.0;0.0;0.0;0.0;5102.9439999999995;2177
2019-11-01;ES;1585.0;689.0;56.0;94.0;1577.969;535
2019-11-01;PB;11.0;0.0;0.0;1.0;848.9320000000001;126
2019-11-01;CE;0.0;0.0;0.0;0.0;4402.244;2189
2019-11-01;MT;2588.0;1584.0;126.0;155.0;4164.335000000001;1573
2019-11-01;MS;435.0;101.0;8.0;27.0;2841.3129999999996;921
2019-11-01;DF;38.0;24.0;2.0;2.0;30;8
2019-11-01;TO;1958.0;387.0;31.0;118.0;1914.6789999999999;811
2019-11-01;MA;3894.0;201.0;16.0;236.0;3910.406999999999;2334
2019-11-01;RO;16599.0;4795.0;386.0;1002.0;8091.055;2538
2019-11-01;AM;0.0;1545.0;124.0;0.0;1617.002;1174
2019-11-01;AP;5034.0;125.0;10.0;305.0;965.95;203
2019-07-01;MG;22294.0;6517.0;521.0;1261.0;16201.937999999998;4410
2019-07-01;SP;10071.0;9348.0;748.0;558.0;22047.750999999993;7539
2019-07-01;RJ;1438.0;1115.0;90.0;82.0;13394.954000000003;4352
2019-07-01;GO;9006.0;2980.0;240.0;514.0;7580.969;2628
2019-07-01;AL;12037.0;0.0;0.0;682.0;4481.891;748
2019-07-01;PE;4941.0;55.0;4.0;278.0;4402.530000000002;1195
2019-07-01;SE;9108.0;0.0;0.0;523.0;3255.0;868
2019-07-01;BA;5855.0;60.0;4.0;334.0;8209.023999999998;2905
2019-07-01;PI;62.0;132.0;10.0;4.0;2229.000000000001;1168
2019-07-01;PR;2875.0;96607.0;3953.0;145.0;24039.758;11086
2019-07-01;SC;3233.0;8335.0;668.0;167.0;4402.992000000002;2052
2019-07-01;RS;1718.0;20374.0;1640.0;86.0;19855.18400000001;4430
2019-07-01;PA;56102.0;596.0;48.0;3168.0;22246.170000000002;4078
2019-07-01;RN;0.0;0.0;0.0;0.0;5009.583999999999;1796
2019-07-01;ES;2465.0;0.0;0.0;141.0;1577.969;384
2019-07-01;MS;66.0;300.0;24.0;5.0;3009.384;806
2019-07-01;PB;13.0;0.0;0.0;1.0;847.8340000000001;103
2019-07-01;CE;0.0;0.0;0.0;0.0;4406.244;1603
2019-07-01;MT;1040.0;1309.0;107.0;61.0;4095.9250000000006;1214
2019-07-01;DF;73.0;0.0;0.0;4.0;30;3
2019-07-01;TO;4896.0;21.0;2.0;281.0;1914.6789999999999;434
2019-07-01;MA;5776.0;0.0;0.0;329.0;3813.206999999999;1610
2019-07-01;RO;5761.0;7704.0;620.0;324.0;8091.055;3365
2019-07-01;AM;0.0;513.0;41.0;0.0;1722.002;943
2019-07-01;AP;26.0;2863.0;231.0;2.0;965.95;641
2019-12-01;MG;11808.0;16731.0;1344.0;660.0;15919.688999999998;6286
2019-12-01;SP;6368.0;20288.0;1635.0;378.0;22129.590999999993;7308
2019-12-01;RJ;2023.0;780.0;62.0;120.0;13394.954000000003;4348
2019-12-01;GO;6130.0;7935.0;640.0;354.0;7578.969;3091
2019-12-01;AL;14318.0;0.0;0.0;844.0;4481.891;815
2019-12-01;PE;5921.0;0.0;0.0;348.0;4403.006000000001;1355
2019-12-01;SE;11501.0;0.0;0.0;683.0;4770.63;903
2019-12-01;BA;3983.0;200.0;16.0;235.0;8401.663999999997;2731
2019-12-01;PI;44.0;160.0;12.0;3.0;2424.6800000000007;880
2019-12-01;PR;21135.0;71420.0;2214.0;1194.0;24079.757999999998;9463
2019-12-01;SC;8234.0;2138.0;167.0;460.0;4450.828000000002;1413
2019-12-01;RS;9160.0;8760.0;702.0;512.0;19857.38000000001;3663
2019-12-01;PA;44253.0;6033.0;487.0;2609.0;22281.738;5716
2019-12-01;RN;0.0;0.0;0.0;0.0;5134.129;2003
2019-12-01;ES;668.0;836.0;66.0;36.0;1577.969;647
2019-12-01;PB;12.0;0.0;0.0;1.0;848.9320000000001;117
2019-12-01;CE;0.0;0.0;0.0;0.0;4402.244;1980
2019-12-01;MT;1026.0;3861.0;310.0;64.0;4193.6550000000025;2084
2019-12-01;MS;461.0;197.0;15.0;27.0;2841.3129999999996;619
2019-12-01;DF;11.0;86.0;7.0;1.0;30;17
2019-12-01;TO;2779.0;1320.0;107.0;154.0;1914.6789999999999;770
2019-12-01;MA;3501.0;537.0;43.0;202.0;3910.406999999999;2216
2019-12-01;RO;3148.0;16949.0;1365.0;216.0;8115.055;4786
2019-12-01;AM;0.0;760.0;61.0;0.0;1617.002;1092
2019-12-01;AP;2908.0;401.0;32.0;179.0;965.95;307
2019-06-01;MG;32344.0;1078.0;85.0;2099.0;16201.937999999998;3647
2019-06-01;SP;13946.0;8503.0;685.0;905.0;21966.750999999993;7239
2019-06-01;RJ;1094.0;1020.0;81.0;70.0;13394.954000000003;3739
2019-06-01;GO;15860.0;809.0;65.0;1042.0;7578.769;2318
2019-06-01;AL;12623.0;0.0;0.0;820.0;4481.891;746
2019-06-01;PE;5217.0;24.0;2.0;338.0;4396.330000000002;952
2019-06-01;SE;10064.0;0.0;0.0;659.0;3255.0;863
2019-06-01;BA;6239.0;93.0;7.0;405.0;8193.023999999998;3038
2019-06-01;PI;104.0;81.0;7.0;7.0;2229.000000000001;1178
2019-06-01;PR;1986.0;63751.0;3008.0;136.0;24039.33;10453
2019-06-01;SC;1294.0;9720.0;775.0;69.0;4402.992000000002;2167
2019-06-01;RS;4453.0;12130.0;976.0;268.0;19855.18400000001;3588
2019-06-01;PA;14850.0;6980.0;563.0;890.0;22246.170000000002;7448
2019-06-01;RN;0.0;0.0;0.0;0.0;5009.583999999999;2032
2019-06-01;ES;1761.0;7.0;0.0;115.0;1577.969;402
2019-06-01;MS;55.0;355.0;29.0;3.0;3009.384;735
2019-06-01;PB;13.0;0.0;0.0;1.0;847.8340000000001;103
2019-06-01;CE;0.0;0.0;0.0;0.0;4406.244;686
2019-06-01;MT;917.0;2080.0;167.0;62.0;4095.9250000000006;1309
2019-06-01;DF;63.0;0.0;0.0;4.0;30;5
2019-06-01;TO;3251.0;7.0;0.0;214.0;1914.6789999999999;527
2019-06-01;MA;5640.0;9.0;1.0;366.0;3813.206999999999;901
2019-06-01;RO;235.0;21911.0;1765.0;16.0;8091.055;5343
2019-06-01;AM;105.0;202.0;16.0;8.0;1722.002;840
2019-06-01;AP;41.0;2008.0;161.0;3.0;965.95;653
2019-02-01;MG;35233.0;5242.0;417.0;2461.0;16192.214999999997;5764
2019-02-01;SP;11043.0;17480.0;1408.0;775.0;21877.08699999999;7430
2019-02-01;RJ;3850.0;309.0;24.0;272.0;13387.808000000003;5111
2019-02-01;GO;12676.0;3218.0;258.0;899.0;7573.769;2923
2019-02-01;AL;18574.0;0.0;0.0;1314.0;4481.891;682
2019-02-01;PE;7842.0;0.0;0.0;554.0;4363.522000000001;1152
2019-02-01;SE;16213.0;0.0;0.0;1149.0;3255.0;771
2019-02-01;BA;7704.0;47.0;3.0;547.0;7995.643999999998;1766
2019-02-01;PI;345.0;1.0;0.0;24.0;2229.000000000001;457
2019-02-01;PR;7606.0;43814.0;1932.0;542.0;24031.56;10671
2019-02-01;SC;9968.0;2655.0;211.0;703.0;4384.9940000000015;1854
2019-02-01;RS;12609.0;7201.0;579.0;886.0;18369.320000000007;3613
2019-02-01;PA;521.0;58546.0;4719.0;35.0;22246.170000000002;12414
2019-02-01;RN;0.0;0.0;0.0;0.0;4986.483999999999;1065
2019-02-01;ES;1517.0;49.0;3.0;106.0;1576.389;449
2019-02-01;MS;499.0;234.0;18.0;36.0;2999.384;806
2019-02-01;PB;18.0;0.0;0.0;1.0;844.6540000000001;211
2019-02-01;CE;0.0;0.0;0.0;0.0;4406.244;1390
2019-02-01;MT;930.0;3173.0;258.0;65.0;3678.025000000001;1521
2019-02-01;MA;28.0;5065.0;408.0;2.0;3826.1069999999995;689
2019-02-01;DF;100.0;3.0;0.0;7.0;30;13
2019-02-01;TO;3376.0;333.0;27.0;237.0;1914.6789999999999;810
2019-02-01;RO;8958.0;10669.0;859.0;642.0;8089.215;5146
2019-02-01;AM;1174.0;0.0;0.0;83.0;1722.002;794
2019-02-01;AP;425.0;3159.0;256.0;31.0;965.95;627
2019-03-01;MG;58614.0;3221.0;255.0;3764.0;16201.214999999997;4369
2019-03-01;SP;14940.0;16863.0;1358.0;960.0;21946.20699999999;7090
2019-03-01;RJ;2351.0;609.0;49.0;152.0;13387.808000000003;4306
2019-03-01;GO;21673.0;3562.0;287.0;1391.0;7578.769;2620
2019-03-01;AL;19641.0;0.0;0.0;1265.0;4481.891;677
2019-03-01;PE;8447.0;0.0;0.0;544.0;4392.522000000001;1219
2019-03-01;SE;17162.0;0.0;0.0;1106.0;3255.0;754
2019-03-01;BA;7981.0;97.0;9.0;514.0;8137.623999999998;2039
2019-03-01;PI;338.0;81.0;6.0;22.0;2229.000000000001;527
2019-03-01;PR;7637.0;72863.0;2682.0;490.0;24031.56;11590
2019-03-01;SC;7117.0;4876.0;387.0;457.0;4394.7440000000015;2142
2019-03-01;RS;11672.0;7091.0;567.0;745.0;19509.320000000007;3460
2019-03-01;PA;31.0;64551.0;5200.0;2.0;22246.170000000002;12357
2019-03-01;RN;0.0;0.0;0.0;0.0;5009.583999999999;804
2019-03-01;ES;1282.0;147.0;10.0;82.0;1576.389;375
2019-03-01;MS;664.0;89.0;7.0;42.0;3009.384;625
2019-03-01;PB;18.0;0.0;0.0;1.0;844.6540000000001;166
2019-03-01;CE;0.0;0.0;0.0;0.0;4406.244;1097
2019-03-01;MT;1415.0;3483.0;280.0;89.0;3678.745000000001;1565
2019-03-01;MA;0.0;6916.0;558.0;0.0;3821.206999999999;846
2019-03-01;DF;20.0;37.0;3.0;1.0;30;19
2019-03-01;TO;1076.0;1325.0;106.0;69.0;1914.6789999999999;998
2019-03-01;RO;13296.0;8305.0;669.0;858.0;8089.215;4457
2019-03-01;AM;731.0;0.0;0.0;47.0;1722.002;799
2019-03-01;AP;669.0;2654.0;213.0;43.0;965.95;546
2019-01-01;MG;34388.0;10559.0;845.0;2202.0;16192.214999999997;5768
2019-01-01;SP;11995.0;21793.0;1755.0;762.0;21856.78699999999;7723
2019-01-01;RJ;4398.0;351.0;28.0;282.0;13387.808000000003;3994
2019-01-01;GO;13831.0;4061.0;326.0;888.0;7573.769;3134
2019-01-01;AL;21005.0;0.0;0.0;1352.0;4481.891;741
2019-01-01;PE;8850.0;0.0;0.0;570.0;4363.522000000001;799
2019-01-01;SE;18103.0;0.0;0.0;1170.0;3255.0;847
2019-01-01;BA;8630.0;137.0;10.0;556.0;7855.643999999998;2593
2019-01-01;PI;529.0;0.0;0.0;35.0;2229.000000000001;741
2019-01-01;PR;6001.0;74874.0;3187.0;374.0;24024.260000000002;12582
2019-01-01;SC;6778.0;3747.0;297.0;426.0;4384.9940000000015;2243
2019-01-01;RS;6514.0;11704.0;943.0;419.0;13969.320000000009;4602
2019-01-01;PA;5251.0;26110.0;2105.0;356.0;22246.170000000002;10318
2019-01-01;RN;0.0;0.0;0.0;0.0;4986.483999999999;1649
2019-01-01;ES;2192.0;172.0;15.0;141.0;1576.389;380
2019-01-01;MS;280.0;426.0;33.0;18.0;2999.384;596
2019-01-01;PB;22.0;0.0;0.0;1.0;844.6540000000001;125
2019-01-01;CE;0.0;0.0;0.0;0.0;4325.244;799
2019-01-01;MT;1645.0;2362.0;192.0;106.0;3647.811000000001;1439
2019-01-01;MA;118.0;3497.0;281.0;7.0;3826.1069999999995;910
2019-01-01;DF;221.0;0.0;0.0;14.0;30;7
2019-01-01;TO;4881.0;694.0;55.0;304.0;1909.6789999999999;862
2019-01-01;RO;14863.0;9528.0;768.0;937.0;8089.215;5145
2019-01-01;AM;1464.0;0.0;0.0;94.0;1722.002;849
2019-01-01;AP;865.0;2798.0;226.0;57.0;965.95;608
